Category,Customer ID,Item Purchased
Clothing,1,Blouse
Clothing,2,Sweater
Clothing,3,Jeans
Footwear,4,Sandals
Clothing,5,Blouse
Footwear,6,Sneakers
Clothing,7,Shirt
Clothing,8,Shorts
Outerwear,9,Coat
Accessories,10,Handbag
Footwear,11,Shoes
Clothing,12,Shorts
Outerwear,13,Coat
Clothing,14,Dress
Outerwear,15,Coat
Clothing,16,Skirt
Accessories,17,Sunglasses
Clothing,18,Dress
Clothing,19,Sweater
Clothing,20,Pants
Clothing,21,Pants
Clothing,22,Pants
Clothing,23,Pants
Clothing,24,Pants
Outerwear,25,Jacket
Clothing,26,Hoodie
Accessories,27,Jewelry
Clothing,28,Shorts
Accessories,29,Handbag
Clothing,30,Dress
Accessories,31,Jewelry
Clothing,32,Dress
Outerwear,33,Jacket
Clothing,34,Pants
Clothing,35,T-shirt
Clothing,36,Blouse
Clothing,37,T-shirt
Clothing,38,Jeans
Clothing,39,Dress
Clothing,40,Pants
Accessories,41,Handbag
Accessories,42,Scarf
Outerwear,43,Coat
Accessories,44,Scarf
Accessories,45,Hat
Clothing,46,Socks
Clothing,47,Shirt
Accessories,48,Jewelry
Clothing,49,Shirt
Clothing,50,Hoodie
Clothing,51,Blouse
Clothing,52,Skirt
Clothing,53,T-shirt
Clothing,54,Skirt
Outerwear,55,Coat
Outerwear,56,Jacket
Accessories,57,Backpack
Outerwear,58,Coat
Clothing,59,Hoodie
Accessories,60,Belt
Clothing,61,Sweater
Accessories,62,Scarf
Footwear,63,Sneakers
Accessories,64,Sunglasses
Footwear,65,Boots
Accessories,66,Backpack
Clothing,67,Blouse
Outerwear,68,Coat
Accessories,69,Handbag
Accessories,70,Belt
Accessories,71,Belt
Clothing,72,Dress
Clothing,73,Dress
Clothing,74,Pants
Accessories,75,Gloves
Accessories,76,Scarf
Accessories,77,Hat
Clothing,78,Dress
Clothing,79,Skirt
Outerwear,80,Jacket
Footwear,81,Sandals
Footwear,82,Shoes
Clothing,83,Pants
Clothing,84,Dress
Outerwear,85,Coat
Accessories,86,Sunglasses
Clothing,87,Hoodie
Footwear,88,Shoes
Clothing,89,T-shirt
Outerwear,90,Jacket
Accessories,91,Hat
Accessories,92,Scarf
Outerwear,93,Jacket
Clothing,94,Sweater
Clothing,95,Skirt
Footwear,96,Sneakers
Accessories,97,Gloves
Footwear,98,Shoes
Clothing,99,Jeans
Clothing,100,Hoodie
Accessories,101,Sunglasses
Outerwear,102,Coat
Clothing,103,Socks
Footwear,104,Boots
Accessories,105,Sunglasses
Accessories,106,Backpack
Outerwear,107,Jacket
Footwear,108,Sneakers
Clothing,109,Socks
Clothing,110,T-shirt
Accessories,111,Backpack
Accessories,112,Belt
Accessories,113,Gloves
Accessories,114,Hat
Outerwear,115,Coat
Clothing,116,Skirt
Footwear,117,Shoes
Footwear,118,Sandals
Clothing,119,Sweater
Outerwear,120,Coat
Accessories,121,Hat
Clothing,122,Shorts
Accessories,123,Backpack
Clothing,124,Sweater
Clothing,125,Sweater
Clothing,126,Shorts
Clothing,127,Shorts
Clothing,128,Sweater
Accessories,129,Scarf
Clothing,130,Dress
Accessories,131,Scarf
Clothing,132,Skirt
Accessories,133,Backpack
Clothing,134,Sweater
Accessories,135,Hat
Footwear,136,Sandals
Clothing,137,Blouse
Footwear,138,Sneakers
Clothing,139,Skirt
Outerwear,140,Coat
Clothing,141,Shirt
Accessories,142,Gloves
Outerwear,143,Jacket
Outerwear,144,Coat
Footwear,145,Shoes
Accessories,146,Jewelry
Clothing,147,Skirt
Footwear,148,Shoes
Accessories,149,Gloves
Clothing,150,Pants
Footwear,151,Boots
Accessories,152,Sunglasses
Clothing,153,Shirt
Clothing,154,Hoodie
Clothing,155,Dress
Clothing,156,Socks
Clothing,157,Shorts
Accessories,158,Hat
Clothing,159,Shirt
Accessories,160,Gloves
Accessories,161,Gloves
Accessories,162,Backpack
Accessories,163,Sunglasses
Clothing,164,Skirt
Accessories,165,Handbag
Accessories,166,Handbag
Footwear,167,Sneakers
Accessories,168,Gloves
Footwear,169,Shoes
Outerwear,170,Jacket
Clothing,171,Shirt
Clothing,172,Shorts
Accessories,173,Jewelry
Accessories,174,Hat
Footwear,175,Shoes
Outerwear,176,Coat
Accessories,177,Backpack
Clothing,178,Hoodie
Clothing,179,Skirt
Footwear,180,Boots
Footwear,181,Sandals
Clothing,182,Pants
Accessories,183,Gloves
Clothing,184,Skirt
Footwear,185,Sneakers
Clothing,186,T-shirt
Accessories,187,Backpack
Footwear,188,Shoes
Clothing,189,Hoodie
Clothing,190,Blouse
Outerwear,191,Coat
Accessories,192,Hat
Footwear,193,Shoes
Accessories,194,Belt
Accessories,195,Backpack
Outerwear,196,Jacket
Footwear,197,Boots
Accessories,198,Scarf
Accessories,199,Jewelry
Accessories,200,Hat
Clothing,201,Dress
Clothing,202,Blouse
Accessories,203,Hat
Accessories,204,Scarf
Footwear,205,Sneakers
Clothing,206,Shirt
Clothing,207,T-shirt
Accessories,208,Gloves
Clothing,209,Skirt
Footwear,210,Sandals
Outerwear,211,Jacket
Clothing,212,Skirt
Accessories,213,Handbag
Accessories,214,Handbag
Outerwear,215,Jacket
Accessories,216,Scarf
Clothing,217,Shorts
Accessories,218,Sunglasses
Clothing,219,T-shirt
Accessories,220,Belt
Footwear,221,Sneakers
Accessories,222,Hat
Accessories,223,Gloves
Clothing,224,Pants
Clothing,225,Socks
Outerwear,226,Jacket
Footwear,227,Shoes
Clothing,228,Jeans
Clothing,229,Socks
Footwear,230,Sandals
Accessories,231,Scarf
Clothing,232,Blouse
Accessories,233,Jewelry
Clothing,234,Sweater
Accessories,235,Gloves
Accessories,236,Sunglasses
Outerwear,237,Coat
Clothing,238,Dress
Clothing,239,Skirt
Clothing,240,Pants
Clothing,241,Sweater
Clothing,242,Hoodie
Outerwear,243,Coat
Accessories,244,Jewelry
Accessories,245,Belt
Footwear,246,Sandals
Accessories,247,Sunglasses
Clothing,248,Sweater
Accessories,249,Belt
Accessories,250,Handbag
Clothing,251,Skirt
Accessories,252,Handbag
Clothing,253,Shorts
Footwear,254,Boots
Accessories,255,Sunglasses
Accessories,256,Scarf
Accessories,257,Jewelry
Accessories,258,Handbag
Accessories,259,Gloves
Clothing,260,Jeans
Accessories,261,Hat
Clothing,262,Jeans
Clothing,263,Pants
Clothing,264,Shorts
Clothing,265,Pants
Accessories,266,Backpack
Accessories,267,Jewelry
Clothing,268,Sweater
Footwear,269,Shoes
Clothing,270,Blouse
Clothing,271,Jeans
Accessories,272,Sunglasses
Accessories,273,Jewelry
Outerwear,274,Coat
Accessories,275,Jewelry
Accessories,276,Backpack
Clothing,277,Skirt
Clothing,278,Shirt
Clothing,279,Sweater
Footwear,280,Sneakers
Footwear,281,Sandals
Accessories,282,Belt
Clothing,283,Skirt
Clothing,284,Sweater
Clothing,285,Skirt
Accessories,286,Handbag
Accessories,287,Jewelry
Accessories,288,Scarf
Clothing,289,T-shirt
Outerwear,290,Coat
Clothing,291,T-shirt
Clothing,292,Dress
Footwear,293,Shoes
Accessories,294,Handbag
Clothing,295,Skirt
Accessories,296,Sunglasses
Footwear,297,Sandals
Footwear,298,Shoes
Clothing,299,T-shirt
Footwear,300,Sneakers
Accessories,301,Hat
Clothing,302,Skirt
Clothing,303,Sweater
Footwear,304,Sandals
Clothing,305,Dress
Clothing,306,Sweater
Outerwear,307,Jacket
Accessories,308,Gloves
Accessories,309,Handbag
Clothing,310,Dress
Clothing,311,Pants
Clothing,312,Jeans
Clothing,313,Pants
Clothing,314,Dress
Clothing,315,Pants
Accessories,316,Jewelry
Accessories,317,Handbag
Clothing,318,Sweater
Accessories,319,Backpack
Clothing,320,Shorts
Accessories,321,Jewelry
Footwear,322,Sneakers
Accessories,323,Belt
Clothing,324,Hoodie
Clothing,325,Shirt
Clothing,326,Pants
Accessories,327,Scarf
Outerwear,328,Coat
Outerwear,329,Coat
Clothing,330,Socks
Clothing,331,Sweater
Clothing,332,Shirt
Clothing,333,Shirt
Clothing,334,Sweater
Clothing,335,Blouse
Clothing,336,Sweater
Accessories,337,Hat
Clothing,338,Sweater
Clothing,339,Hoodie
Clothing,340,Shorts
Clothing,341,Shorts
Accessories,342,Hat
Outerwear,343,Coat
Footwear,344,Sandals
Clothing,345,Skirt
Footwear,346,Shoes
Clothing,347,Jeans
Footwear,348,Sandals
Clothing,349,Blouse
Accessories,350,Hat
Clothing,351,Sweater
Clothing,352,Skirt
Clothing,353,Jeans
Footwear,354,Sneakers
Accessories,355,Jewelry
Accessories,356,Jewelry
Clothing,357,Pants
Accessories,358,Belt
Accessories,359,Hat
Footwear,360,Sneakers
Clothing,361,Pants
Clothing,362,T-shirt
Footwear,363,Sneakers
Clothing,364,Shorts
Footwear,365,Shoes
Accessories,366,Gloves
Clothing,367,Socks
Clothing,368,Dress
Accessories,369,Handbag
Accessories,370,Belt
Accessories,371,Scarf
Footwear,372,Sneakers
Clothing,373,Sweater
Outerwear,374,Coat
Accessories,375,Jewelry
Accessories,376,Sunglasses
Footwear,377,Shoes
Accessories,378,Scarf
Clothing,379,Dress
Clothing,380,T-shirt
Accessories,381,Backpack
Accessories,382,Jewelry
Clothing,383,Jeans
Accessories,384,Sunglasses
Clothing,385,Sweater
Clothing,386,Shorts
Accessories,387,Jewelry
Outerwear,388,Coat
Accessories,389,Handbag
Footwear,390,Boots
Accessories,391,Gloves
Clothing,392,Sweater
Clothing,393,T-shirt
Footwear,394,Shoes
Accessories,395,Scarf
Footwear,396,Sneakers
Clothing,397,Dress
Accessories,398,Belt
Footwear,399,Boots
Accessories,400,Scarf
Footwear,401,Boots
Clothing,402,T-shirt
Accessories,403,Backpack
Footwear,404,Sneakers
Clothing,405,T-shirt
Clothing,406,Jeans
Accessories,407,Gloves
Clothing,408,Hoodie
Footwear,409,Sneakers
Clothing,410,Shorts
Clothing,411,Sweater
Clothing,412,Jeans
Outerwear,413,Jacket
Accessories,414,Jewelry
Accessories,415,Backpack
Outerwear,416,Coat
Accessories,417,Belt
Footwear,418,Sandals
Clothing,419,Sweater
Clothing,420,Shorts
Clothing,421,Socks
Clothing,422,Shirt
Clothing,423,Pants
Accessories,424,Scarf
Clothing,425,Sweater
Clothing,426,Jeans
Clothing,427,Pants
Accessories,428,Backpack
Outerwear,429,Coat
Footwear,430,Sandals
Clothing,431,Shirt
Accessories,432,Hat
Clothing,433,Shirt
Clothing,434,Skirt
Footwear,435,Shoes
Outerwear,436,Coat
Clothing,437,Pants
Accessories,438,Jewelry
Accessories,439,Belt
Outerwear,440,Jacket
Clothing,441,Shirt
Clothing,442,Hoodie
Accessories,443,Sunglasses
Accessories,444,Sunglasses
Clothing,445,Dress
Footwear,446,Boots
Clothing,447,Shirt
Clothing,448,Shorts
Accessories,449,Gloves
Accessories,450,Jewelry
Footwear,451,Boots
Accessories,452,Jewelry
Clothing,453,Pants
Accessories,454,Jewelry
Outerwear,455,Jacket
Clothing,456,Blouse
Clothing,457,Blouse
Accessories,458,Gloves
Clothing,459,Shorts
Accessories,460,Hat
Footwear,461,Shoes
Footwear,462,Boots
Outerwear,463,Jacket
Accessories,464,Jewelry
Accessories,465,Sunglasses
Clothing,466,Skirt
Clothing,467,Jeans
Accessories,468,Backpack
Accessories,469,Backpack
Clothing,470,Shorts
Clothing,471,Dress
Accessories,472,Scarf
Clothing,473,Jeans
Outerwear,474,Coat
Clothing,475,Sweater
Footwear,476,Sneakers
Accessories,477,Scarf
Clothing,478,Sweater
Accessories,479,Jewelry
Accessories,480,Handbag
Clothing,481,Hoodie
Accessories,482,Hat
Accessories,483,Belt
Clothing,484,Hoodie
Accessories,485,Hat
Footwear,486,Shoes
Footwear,487,Sandals
Outerwear,488,Jacket
Clothing,489,Sweater
Clothing,490,Socks
Footwear,491,Sneakers
Outerwear,492,Coat
Clothing,493,Shirt
Accessories,494,Backpack
Footwear,495,Boots
Accessories,496,Handbag
Clothing,497,Dress
Footwear,498,Sneakers
Footwear,499,Boots
Footwear,500,Shoes
Clothing,501,T-shirt
Footwear,502,Boots
Clothing,503,Pants
Footwear,504,Shoes
Footwear,505,Shoes
Clothing,506,T-shirt
Accessories,507,Scarf
Clothing,508,Shorts
Accessories,509,Jewelry
Clothing,510,T-shirt
Clothing,511,Shirt
Clothing,512,Shirt
Accessories,513,Gloves
Accessories,514,Scarf
Clothing,515,Skirt
Accessories,516,Hat
Clothing,517,Hoodie
Footwear,518,Boots
Clothing,519,Blouse
Accessories,520,Belt
Accessories,521,Sunglasses
Clothing,522,Shorts
Accessories,523,Gloves
Footwear,524,Sandals
Clothing,525,Shirt
Outerwear,526,Coat
Clothing,527,Pants
Clothing,528,T-shirt
Footwear,529,Sneakers
Clothing,530,Shorts
Outerwear,531,Coat
Footwear,532,Sandals
Clothing,533,Pants
Footwear,534,Sandals
Accessories,535,Gloves
Clothing,536,T-shirt
Outerwear,537,Jacket
Clothing,538,Blouse
Clothing,539,Socks
Outerwear,540,Coat
Clothing,541,Dress
Outerwear,542,Jacket
Footwear,543,Boots
Clothing,544,Skirt
Footwear,545,Sandals
Outerwear,546,Coat
Clothing,547,Hoodie
Outerwear,548,Jacket
Accessories,549,Backpack
Accessories,550,Backpack
Accessories,551,Belt
Outerwear,552,Coat
Clothing,553,T-shirt
Accessories,554,Sunglasses
Footwear,555,Sneakers
Accessories,556,Gloves
Outerwear,557,Coat
Clothing,558,Shirt
Footwear,559,Sneakers
Accessories,560,Scarf
Accessories,561,Jewelry
Outerwear,562,Jacket
Clothing,563,Jeans
Footwear,564,Shoes
Clothing,565,Hoodie
Accessories,566,Backpack
Footwear,567,Sneakers
Clothing,568,Blouse
Clothing,569,Pants
Clothing,570,Skirt
Clothing,571,T-shirt
Outerwear,572,Jacket
Accessories,573,Scarf
Clothing,574,Pants
Footwear,575,Sneakers
Clothing,576,Jeans
Accessories,577,Hat
Clothing,578,Skirt
Footwear,579,Sandals
Footwear,580,Sandals
Clothing,581,Sweater
Clothing,582,Sweater
Outerwear,583,Jacket
Clothing,584,Shorts
Clothing,585,Socks
Clothing,586,Socks
Clothing,587,Hoodie
Clothing,588,Socks
Footwear,589,Boots
Clothing,590,Shirt
Accessories,591,Belt
Accessories,592,Backpack
Footwear,593,Boots
Outerwear,594,Coat
Clothing,595,Hoodie
Footwear,596,Shoes
Footwear,597,Shoes
Accessories,598,Jewelry
Clothing,599,Dress
Footwear,600,Boots
Accessories,601,Hat
Accessories,602,Backpack
Footwear,603,Shoes
Accessories,604,Handbag
Accessories,605,Sunglasses
Accessories,606,Hat
Accessories,607,Scarf
Clothing,608,Hoodie
Accessories,609,Backpack
Clothing,610,Sweater
Clothing,611,Shorts
Accessories,612,Scarf
Accessories,613,Hat
Outerwear,614,Coat
Accessories,615,Jewelry
Footwear,616,Sandals
Accessories,617,Gloves
Accessories,618,Backpack
Outerwear,619,Jacket
Accessories,620,Backpack
Accessories,621,Backpack
Accessories,622,Sunglasses
Clothing,623,Socks
Footwear,624,Shoes
Clothing,625,Pants
Accessories,626,Jewelry
Accessories,627,Sunglasses
Footwear,628,Sandals
Clothing,629,Sweater
Footwear,630,Shoes
Accessories,631,Jewelry
Footwear,632,Boots
Accessories,633,Backpack
Footwear,634,Sandals
Footwear,635,Sneakers
Clothing,636,Hoodie
Accessories,637,Handbag
Clothing,638,Sweater
Footwear,639,Sandals
Clothing,640,Dress
Clothing,641,Skirt
Clothing,642,Blouse
Clothing,643,Skirt
Clothing,644,Sweater
Accessories,645,Backpack
Clothing,646,Hoodie
Footwear,647,Boots
Clothing,648,Blouse
Clothing,649,Hoodie
Clothing,650,Pants
Accessories,651,Gloves
Accessories,652,Hat
Accessories,653,Sunglasses
Accessories,654,Scarf
Accessories,655,Handbag
Accessories,656,Handbag
Clothing,657,Jeans
Outerwear,658,Jacket
Accessories,659,Backpack
Clothing,660,Shorts
Outerwear,661,Coat
Clothing,662,Shirt
Accessories,663,Gloves
Clothing,664,Dress
Clothing,665,Pants
Clothing,666,Pants
Clothing,667,Hoodie
Accessories,668,Sunglasses
Clothing,669,T-shirt
Outerwear,670,Jacket
Clothing,671,Sweater
Outerwear,672,Jacket
Clothing,673,Socks
Clothing,674,Shirt
Accessories,675,Jewelry
Accessories,676,Sunglasses
Clothing,677,Pants
Clothing,678,Socks
Clothing,679,Blouse
Footwear,680,Sandals
Footwear,681,Sneakers
Clothing,682,Shirt
Outerwear,683,Jacket
Footwear,684,Sandals
Accessories,685,Hat
Clothing,686,Blouse
Clothing,687,Sweater
Accessories,688,Gloves
Accessories,689,Scarf
Clothing,690,Hoodie
Clothing,691,Shorts
Accessories,692,Backpack
Accessories,693,Sunglasses
Clothing,694,Shorts
Clothing,695,Dress
Clothing,696,Shorts
Accessories,697,Belt
Accessories,698,Scarf
Footwear,699,Boots
Accessories,700,Handbag
Clothing,701,Pants
Footwear,702,Boots
Clothing,703,Shirt
Clothing,704,Dress
Clothing,705,Hoodie
Clothing,706,Pants
Clothing,707,Jeans
Clothing,708,Shirt
Accessories,709,Backpack
Outerwear,710,Jacket
Accessories,711,Scarf
Footwear,712,Boots
Clothing,713,Blouse
Clothing,714,Hoodie
Outerwear,715,Jacket
Clothing,716,Jeans
Accessories,717,Jewelry
Clothing,718,Socks
Clothing,719,Shirt
Clothing,720,Shorts
Accessories,721,Jewelry
Clothing,722,Blouse
Clothing,723,Sweater
Accessories,724,Jewelry
Clothing,725,T-shirt
Accessories,726,Hat
Clothing,727,Shorts
Clothing,728,Sweater
Clothing,729,Jeans
Accessories,730,Sunglasses
Footwear,731,Boots
Outerwear,732,Coat
Clothing,733,Shirt
Clothing,734,Dress
Clothing,735,Shirt
Accessories,736,Sunglasses
Clothing,737,Dress
Accessories,738,Sunglasses
Accessories,739,Sunglasses
Clothing,740,Shorts
Clothing,741,Jeans
Clothing,742,T-shirt
Clothing,743,Pants
Accessories,744,Sunglasses
Footwear,745,Boots
Clothing,746,T-shirt
Footwear,747,Sandals
Clothing,748,Shorts
Accessories,749,Hat
Accessories,750,Scarf
Clothing,751,T-shirt
Accessories,752,Gloves
Accessories,753,Scarf
Footwear,754,Boots
Accessories,755,Gloves
Outerwear,756,Coat
Accessories,757,Belt
Clothing,758,Hoodie
Footwear,759,Shoes
Clothing,760,Dress
Accessories,761,Gloves
Accessories,762,Jewelry
Accessories,763,Belt
Clothing,764,Sweater
Clothing,765,Skirt
Footwear,766,Sneakers
Accessories,767,Gloves
Outerwear,768,Coat
Accessories,769,Backpack
Clothing,770,Socks
Footwear,771,Sneakers
Clothing,772,Sweater
Clothing,773,Jeans
Accessories,774,Hat
Accessories,775,Hat
Accessories,776,Handbag
Clothing,777,Shirt
Clothing,778,Socks
Clothing,779,Socks
Clothing,780,Dress
Footwear,781,Shoes
Accessories,782,Scarf
Clothing,783,Hoodie
Clothing,784,T-shirt
Clothing,785,Jeans
Clothing,786,Shorts
Accessories,787,Hat
Accessories,788,Handbag
Clothing,789,Pants
Accessories,790,Handbag
Clothing,791,Sweater
Accessories,792,Scarf
Footwear,793,Sneakers
Clothing,794,Pants
Accessories,795,Backpack
Footwear,796,Sandals
Clothing,797,Socks
Outerwear,798,Coat
Clothing,799,Socks
Accessories,800,Belt
Clothing,801,Socks
Accessories,802,Belt
Clothing,803,Pants
Clothing,804,Shorts
Footwear,805,Boots
Clothing,806,Dress
Clothing,807,Jeans
Clothing,808,T-shirt
Footwear,809,Shoes
Footwear,810,Boots
Accessories,811,Scarf
Footwear,812,Sneakers
Footwear,813,Boots
Accessories,814,Handbag
Clothing,815,Shirt
Accessories,816,Hat
Clothing,817,Sweater
Accessories,818,Handbag
Clothing,819,Shirt
Accessories,820,Sunglasses
Footwear,821,Sneakers
Clothing,822,Hoodie
Clothing,823,Shirt
Accessories,824,Sunglasses
Clothing,825,Blouse
Accessories,826,Belt
Clothing,827,Dress
Footwear,828,Shoes
Clothing,829,Socks
Clothing,830,Socks
Clothing,831,Shorts
Accessories,832,Gloves
Outerwear,833,Jacket
Accessories,834,Handbag
Accessories,835,Backpack
Footwear,836,Boots
Accessories,837,Gloves
Clothing,838,Hoodie
Outerwear,839,Coat
Clothing,840,Shirt
Clothing,841,Shirt
Clothing,842,Sweater
Clothing,843,Shirt
Clothing,844,Hoodie
Footwear,845,Sandals
Accessories,846,Belt
Footwear,847,Boots
Clothing,848,Hoodie
Footwear,849,Sandals
Clothing,850,Jeans
Footwear,851,Shoes
Footwear,852,Sandals
Clothing,853,Dress
Accessories,854,Hat
Clothing,855,Pants
Clothing,856,Socks
Clothing,857,Shirt
Clothing,858,Shorts
Outerwear,859,Jacket
Clothing,860,Hoodie
Footwear,861,Shoes
Clothing,862,Skirt
Outerwear,863,Coat
Footwear,864,Sneakers
Clothing,865,Jeans
Clothing,866,Blouse
Accessories,867,Sunglasses
Outerwear,868,Jacket
Clothing,869,Dress
Accessories,870,Hat
Clothing,871,Hoodie
Accessories,872,Handbag
Clothing,873,Jeans
Footwear,874,Boots
Outerwear,875,Jacket
Footwear,876,Sandals
Accessories,877,Belt
Accessories,878,Handbag
Accessories,879,Sunglasses
Clothing,880,Skirt
Accessories,881,Backpack
Footwear,882,Sandals
Footwear,883,Boots
Footwear,884,Sneakers
Clothing,885,Skirt
Clothing,886,Dress
Clothing,887,Shorts
Accessories,888,Handbag
Accessories,889,Scarf
Accessories,890,Belt
Accessories,891,Gloves
Clothing,892,Skirt
Clothing,893,Shorts
Accessories,894,Backpack
Clothing,895,Hoodie
Accessories,896,Hat
Accessories,897,Jewelry
Clothing,898,Shirt
Accessories,899,Belt
Clothing,900,Sweater
Accessories,901,Hat
Accessories,902,Scarf
Accessories,903,Hat
Outerwear,904,Jacket
Clothing,905,T-shirt
Clothing,906,Dress
Clothing,907,Pants
Clothing,908,Sweater
Accessories,909,Sunglasses
Accessories,910,Belt
Clothing,911,Hoodie
Clothing,912,Pants
Clothing,913,Hoodie
Footwear,914,Sneakers
Clothing,915,Dress
Clothing,916,Dress
Clothing,917,Jeans
Clothing,918,Sweater
Clothing,919,Shorts
Clothing,920,Shirt
Accessories,921,Belt
Outerwear,922,Coat
Footwear,923,Sneakers
Clothing,924,Shirt
Clothing,925,Socks
Clothing,926,Jeans
Clothing,927,Jeans
Footwear,928,Sneakers
Clothing,929,Dress
Footwear,930,Boots
Clothing,931,T-shirt
Outerwear,932,Coat
Clothing,933,Skirt
Footwear,934,Sneakers
Clothing,935,Jeans
Clothing,936,Hoodie
Footwear,937,Shoes
Clothing,938,Shorts
Clothing,939,Blouse
Clothing,940,T-shirt
Accessories,941,Belt
Accessories,942,Handbag
Clothing,943,Dress
Accessories,944,Hat
Accessories,945,Belt
Footwear,946,Boots
Outerwear,947,Coat
Clothing,948,Blouse
Accessories,949,Hat
Clothing,950,Jeans
Accessories,951,Backpack
Clothing,952,Dress
Accessories,953,Hat
Accessories,954,Sunglasses
Accessories,955,Hat
Clothing,956,Dress
Clothing,957,Shirt
Accessories,958,Scarf
Footwear,959,Sneakers
Clothing,960,Skirt
Accessories,961,Jewelry
Footwear,962,Boots
Accessories,963,Sunglasses
Footwear,964,Boots
Footwear,965,Sandals
Footwear,966,Boots
Clothing,967,Dress
Clothing,968,Hoodie
Clothing,969,Shorts
Outerwear,970,Coat
Clothing,971,Jeans
Accessories,972,Sunglasses
Footwear,973,Sneakers
Outerwear,974,Jacket
Clothing,975,Skirt
Clothing,976,Sweater
Clothing,977,T-shirt
Accessories,978,Belt
Accessories,979,Gloves
Accessories,980,Hat
Footwear,981,Boots
Accessories,982,Belt
Outerwear,983,Coat
Accessories,984,Hat
Footwear,985,Shoes
Accessories,986,Handbag
Accessories,987,Scarf
Accessories,988,Handbag
Clothing,989,Pants
Footwear,990,Shoes
Accessories,991,Sunglasses
Clothing,992,Shorts
Outerwear,993,Jacket
Footwear,994,Sandals
Footwear,995,Shoes
Accessories,996,Jewelry
Footwear,997,Sandals
Clothing,998,Pants
Footwear,999,Shoes
Clothing,1000,Socks
Clothing,1001,Socks
Clothing,1002,Dress
Footwear,1003,Shoes
Accessories,1004,Hat
Accessories,1005,Backpack
Accessories,1006,Backpack
Clothing,1007,Pants
Accessories,1008,Gloves
Accessories,1009,Scarf
Clothing,1010,Hoodie
Clothing,1011,Jeans
Accessories,1012,Backpack
Footwear,1013,Sandals
Accessories,1014,Belt
Footwear,1015,Shoes
Accessories,1016,Gloves
Accessories,1017,Belt
Outerwear,1018,Jacket
Clothing,1019,Dress
Clothing,1020,Shirt
Accessories,1021,Scarf
Outerwear,1022,Coat
Accessories,1023,Handbag
Accessories,1024,Sunglasses
Clothing,1025,T-shirt
Clothing,1026,Shirt
Accessories,1027,Handbag
Accessories,1028,Jewelry
Clothing,1029,Hoodie
Accessories,1030,Gloves
Outerwear,1031,Coat
Footwear,1032,Sandals
Footwear,1033,Boots
Clothing,1034,Pants
Clothing,1035,Socks
Clothing,1036,Blouse
Accessories,1037,Handbag
Accessories,1038,Jewelry
Clothing,1039,Pants
Accessories,1040,Belt
Clothing,1041,Jeans
Clothing,1042,Shirt
Accessories,1043,Belt
Clothing,1044,Jeans
Clothing,1045,Jeans
Clothing,1046,Sweater
Footwear,1047,Sneakers
Clothing,1048,Socks
Clothing,1049,Socks
Accessories,1050,Sunglasses
Footwear,1051,Sneakers
Clothing,1052,Socks
Footwear,1053,Shoes
Clothing,1054,Blouse
Clothing,1055,Shorts
Outerwear,1056,Jacket
Clothing,1057,Sweater
Outerwear,1058,Jacket
Accessories,1059,Scarf
Outerwear,1060,Jacket
Clothing,1061,Sweater
Outerwear,1062,Coat
Footwear,1063,Boots
Clothing,1064,Hoodie
Accessories,1065,Hat
Clothing,1066,T-shirt
Outerwear,1067,Coat
Clothing,1068,Dress
Clothing,1069,Shirt
Clothing,1070,Skirt
Accessories,1071,Jewelry
Accessories,1072,Hat
Clothing,1073,Shorts
Accessories,1074,Scarf
Accessories,1075,Jewelry
Accessories,1076,Sunglasses
Outerwear,1077,Coat
Outerwear,1078,Jacket
Clothing,1079,Sweater
Outerwear,1080,Coat
Accessories,1081,Scarf
Accessories,1082,Belt
Accessories,1083,Hat
Accessories,1084,Backpack
Clothing,1085,T-shirt
Accessories,1086,Jewelry
Accessories,1087,Sunglasses
Clothing,1088,Jeans
Clothing,1089,Pants
Accessories,1090,Backpack
Accessories,1091,Scarf
Clothing,1092,Sweater
Accessories,1093,Jewelry
Footwear,1094,Sneakers
Accessories,1095,Jewelry
Outerwear,1096,Coat
Outerwear,1097,Coat
Accessories,1098,Sunglasses
Accessories,1099,Handbag
Clothing,1100,Sweater
Clothing,1101,Pants
Accessories,1102,Gloves
Clothing,1103,Sweater
Clothing,1104,Hoodie
Accessories,1105,Hat
Clothing,1106,T-shirt
Clothing,1107,Skirt
Footwear,1108,Sneakers
Clothing,1109,Shorts
Clothing,1110,Hoodie
Clothing,1111,Hoodie
Footwear,1112,Shoes
Clothing,1113,Hoodie
Accessories,1114,Sunglasses
Clothing,1115,Skirt
Accessories,1116,Hat
Accessories,1117,Backpack
Accessories,1118,Sunglasses
Accessories,1119,Belt
Accessories,1120,Jewelry
Footwear,1121,Sneakers
Clothing,1122,T-shirt
Accessories,1123,Handbag
Accessories,1124,Hat
Clothing,1125,Sweater
Footwear,1126,Sandals
Accessories,1127,Scarf
Clothing,1128,Shirt
Accessories,1129,Gloves
Clothing,1130,Hoodie
Accessories,1131,Jewelry
Clothing,1132,Shirt
Clothing,1133,Hoodie
Footwear,1134,Shoes
Clothing,1135,T-shirt
Clothing,1136,Skirt
Accessories,1137,Handbag
Clothing,1138,Shirt
Clothing,1139,Pants
Outerwear,1140,Coat
Clothing,1141,Jeans
Accessories,1142,Gloves
Clothing,1143,T-shirt
Footwear,1144,Boots
Clothing,1145,Jeans
Footwear,1146,Sneakers
Footwear,1147,Sneakers
Accessories,1148,Hat
Clothing,1149,Pants
Accessories,1150,Jewelry
Accessories,1151,Jewelry
Clothing,1152,Blouse
Accessories,1153,Handbag
Clothing,1154,Shirt
Clothing,1155,Dress
Clothing,1156,T-shirt
Footwear,1157,Shoes
Accessories,1158,Belt
Accessories,1159,Belt
Accessories,1160,Handbag
Accessories,1161,Scarf
Clothing,1162,Shorts
Footwear,1163,Sandals
Clothing,1164,Pants
Clothing,1165,Dress
Clothing,1166,T-shirt
Clothing,1167,Dress
Clothing,1168,Socks
Accessories,1169,Scarf
Accessories,1170,Backpack
Clothing,1171,Skirt
Clothing,1172,Socks
Outerwear,1173,Coat
Accessories,1174,Jewelry
Accessories,1175,Backpack
Accessories,1176,Belt
Clothing,1177,Dress
Clothing,1178,Skirt
Clothing,1179,Dress
Clothing,1180,T-shirt
Clothing,1181,Skirt
Clothing,1182,Shorts
Accessories,1183,Jewelry
Clothing,1184,Pants
Accessories,1185,Belt
Clothing,1186,Jeans
Clothing,1187,Jeans
Accessories,1188,Hat
Clothing,1189,Blouse
Clothing,1190,Shirt
Clothing,1191,Shirt
Clothing,1192,T-shirt
Outerwear,1193,Coat
Outerwear,1194,Jacket
Clothing,1195,Hoodie
Accessories,1196,Scarf
Accessories,1197,Belt
Footwear,1198,Sneakers
Clothing,1199,Socks
Footwear,1200,Sandals
Outerwear,1201,Coat
Footwear,1202,Shoes
Accessories,1203,Scarf
Footwear,1204,Sneakers
Accessories,1205,Belt
Accessories,1206,Handbag
Accessories,1207,Handbag
Footwear,1208,Boots
Footwear,1209,Boots
Clothing,1210,Pants
Accessories,1211,Sunglasses
Clothing,1212,Hoodie
Footwear,1213,Shoes
Accessories,1214,Handbag
Outerwear,1215,Jacket
Clothing,1216,Blouse
Clothing,1217,Pants
Footwear,1218,Boots
Footwear,1219,Boots
Clothing,1220,Sweater
Accessories,1221,Gloves
Clothing,1222,Socks
Clothing,1223,Jeans
Clothing,1224,Pants
Clothing,1225,Shorts
Accessories,1226,Gloves
Footwear,1227,Sandals
Clothing,1228,Blouse
Outerwear,1229,Jacket
Accessories,1230,Jewelry
Accessories,1231,Hat
Clothing,1232,Socks
Accessories,1233,Handbag
Clothing,1234,Pants
Accessories,1235,Gloves
Clothing,1236,Sweater
Accessories,1237,Hat
Clothing,1238,Dress
Clothing,1239,Pants
Outerwear,1240,Coat
Accessories,1241,Scarf
Clothing,1242,Hoodie
Clothing,1243,Socks
Clothing,1244,Blouse
Clothing,1245,Socks
Clothing,1246,Dress
Clothing,1247,Hoodie
Clothing,1248,T-shirt
Accessories,1249,Hat
Footwear,1250,Boots
Clothing,1251,Jeans
Clothing,1252,Shorts
Footwear,1253,Sandals
Footwear,1254,Sandals
Footwear,1255,Sneakers
Accessories,1256,Hat
Outerwear,1257,Coat
Clothing,1258,Dress
Footwear,1259,Boots
Clothing,1260,Skirt
Clothing,1261,Shirt
Clothing,1262,Shirt
Footwear,1263,Boots
Clothing,1264,Hoodie
Clothing,1265,Sweater
Clothing,1266,Shirt
Clothing,1267,Blouse
Clothing,1268,T-shirt
Outerwear,1269,Jacket
Accessories,1270,Jewelry
Clothing,1271,Hoodie
Accessories,1272,Jewelry
Footwear,1273,Sandals
Clothing,1274,Jeans
Accessories,1275,Hat
Clothing,1276,Sweater
Footwear,1277,Boots
Clothing,1278,Blouse
Clothing,1279,Shorts
Clothing,1280,Hoodie
Clothing,1281,Pants
Accessories,1282,Belt
Clothing,1283,Shirt
Clothing,1284,Shirt
Clothing,1285,Dress
Accessories,1286,Gloves
Accessories,1287,Gloves
Clothing,1288,Jeans
Accessories,1289,Belt
Outerwear,1290,Jacket
Clothing,1291,Skirt
Footwear,1292,Sandals
Accessories,1293,Belt
Clothing,1294,Sweater
Clothing,1295,Shirt
Footwear,1296,Sneakers
Clothing,1297,Jeans
Footwear,1298,Sandals
Clothing,1299,Pants
Accessories,1300,Belt
Clothing,1301,T-shirt
Clothing,1302,Shirt
Footwear,1303,Sneakers
Clothing,1304,Blouse
Accessories,1305,Backpack
Clothing,1306,Pants
Clothing,1307,Sweater
Outerwear,1308,Coat
Clothing,1309,Dress
Clothing,1310,Blouse
Clothing,1311,Hoodie
Footwear,1312,Shoes
Clothing,1313,T-shirt
Footwear,1314,Shoes
Footwear,1315,Boots
Clothing,1316,Shorts
Accessories,1317,Belt
Clothing,1318,Pants
Clothing,1319,Shorts
Accessories,1320,Sunglasses
Accessories,1321,Hat
Clothing,1322,T-shirt
Clothing,1323,Pants
Clothing,1324,Shorts
Accessories,1325,Jewelry
Accessories,1326,Backpack
Footwear,1327,Shoes
Outerwear,1328,Coat
Clothing,1329,Sweater
Accessories,1330,Gloves
Accessories,1331,Handbag
Clothing,1332,Socks
Clothing,1333,Hoodie
Clothing,1334,Pants
Outerwear,1335,Coat
Footwear,1336,Boots
Footwear,1337,Sneakers
Clothing,1338,Sweater
Accessories,1339,Handbag
Accessories,1340,Belt
Accessories,1341,Belt
Clothing,1342,Hoodie
Accessories,1343,Sunglasses
Footwear,1344,Sneakers
Clothing,1345,T-shirt
Clothing,1346,Dress
Clothing,1347,Hoodie
Clothing,1348,Sweater
Accessories,1349,Belt
Clothing,1350,Socks
Accessories,1351,Sunglasses
Outerwear,1352,Coat
Accessories,1353,Hat
Clothing,1354,Pants
Accessories,1355,Backpack
Clothing,1356,Shorts
Outerwear,1357,Jacket
Accessories,1358,Backpack
Accessories,1359,Scarf
Clothing,1360,Hoodie
Clothing,1361,Skirt
Clothing,1362,Dress
Outerwear,1363,Coat
Clothing,1364,Blouse
Accessories,1365,Hat
Accessories,1366,Handbag
Accessories,1367,Belt
Accessories,1368,Belt
Clothing,1369,Shirt
Footwear,1370,Shoes
Accessories,1371,Scarf
Clothing,1372,Pants
Clothing,1373,Blouse
Accessories,1374,Gloves
Accessories,1375,Handbag
Footwear,1376,Sneakers
Footwear,1377,Sandals
Accessories,1378,Sunglasses
Outerwear,1379,Jacket
Clothing,1380,T-shirt
Footwear,1381,Sneakers
Footwear,1382,Shoes
Outerwear,1383,Jacket
Accessories,1384,Scarf
Footwear,1385,Sneakers
Accessories,1386,Jewelry
Outerwear,1387,Jacket
Clothing,1388,Blouse
Clothing,1389,Dress
Accessories,1390,Scarf
Accessories,1391,Hat
Clothing,1392,Blouse
Accessories,1393,Gloves
Accessories,1394,Gloves
Outerwear,1395,Coat
Accessories,1396,Scarf
Clothing,1397,Pants
Accessories,1398,Sunglasses
Clothing,1399,Dress
Accessories,1400,Hat
Accessories,1401,Backpack
Footwear,1402,Sandals
Accessories,1403,Sunglasses
Accessories,1404,Backpack
Accessories,1405,Jewelry
Clothing,1406,Socks
Clothing,1407,Shirt
Accessories,1408,Handbag
Clothing,1409,Blouse
Accessories,1410,Backpack
Accessories,1411,Hat
Clothing,1412,Skirt
Clothing,1413,Shorts
Clothing,1414,Blouse
Clothing,1415,Socks
Accessories,1416,Belt
Footwear,1417,Boots
Clothing,1418,Shorts
Clothing,1419,Shirt
Accessories,1420,Handbag
Clothing,1421,Jeans
Clothing,1422,Dress
Clothing,1423,Dress
Footwear,1424,Sandals
Outerwear,1425,Jacket
Outerwear,1426,Coat
Clothing,1427,Pants
Accessories,1428,Backpack
Clothing,1429,Blouse
Clothing,1430,Skirt
Footwear,1431,Sandals
Clothing,1432,Pants
Accessories,1433,Hat
Clothing,1434,Hoodie
Clothing,1435,Sweater
Accessories,1436,Scarf
Footwear,1437,Sneakers
Footwear,1438,Boots
Outerwear,1439,Coat
Footwear,1440,Boots
Footwear,1441,Sandals
Clothing,1442,Pants
Clothing,1443,Hoodie
Footwear,1444,Sandals
Clothing,1445,Sweater
Accessories,1446,Belt
Clothing,1447,Jeans
Clothing,1448,Hoodie
Footwear,1449,Boots
Clothing,1450,Socks
Clothing,1451,Dress
Outerwear,1452,Jacket
Outerwear,1453,Jacket
Footwear,1454,Boots
Footwear,1455,Sneakers
Clothing,1456,Pants
Outerwear,1457,Coat
Clothing,1458,Shirt
Clothing,1459,Sweater
Footwear,1460,Shoes
Footwear,1461,Boots
Accessories,1462,Sunglasses
Footwear,1463,Sneakers
Accessories,1464,Jewelry
Accessories,1465,Belt
Accessories,1466,Gloves
Clothing,1467,Shorts
Accessories,1468,Jewelry
Accessories,1469,Gloves
Accessories,1470,Jewelry
Footwear,1471,Sandals
Accessories,1472,Jewelry
Accessories,1473,Hat
Clothing,1474,Shorts
Clothing,1475,Sweater
Clothing,1476,Blouse
Accessories,1477,Hat
Accessories,1478,Belt
Accessories,1479,Gloves
Outerwear,1480,Coat
Accessories,1481,Jewelry
Clothing,1482,Skirt
Accessories,1483,Gloves
Accessories,1484,Jewelry
Clothing,1485,Shorts
Accessories,1486,Gloves
Footwear,1487,Sneakers
Clothing,1488,Skirt
Accessories,1489,Hat
Accessories,1490,Jewelry
Footwear,1491,Sneakers
Clothing,1492,Shirt
Outerwear,1493,Jacket
Accessories,1494,Belt
Clothing,1495,T-shirt
Accessories,1496,Jewelry
Clothing,1497,T-shirt
Outerwear,1498,Jacket
Clothing,1499,Sweater
Footwear,1500,Boots
Clothing,1501,Jeans
Clothing,1502,Jeans
Clothing,1503,Pants
Outerwear,1504,Jacket
Outerwear,1505,Jacket
Accessories,1506,Belt
Clothing,1507,Shirt
Clothing,1508,Dress
Clothing,1509,Blouse
Clothing,1510,Dress
Clothing,1511,Blouse
Clothing,1512,Dress
Footwear,1513,Sneakers
Clothing,1514,Socks
Footwear,1515,Shoes
Clothing,1516,Jeans
Clothing,1517,Jeans
Accessories,1518,Gloves
Accessories,1519,Belt
Accessories,1520,Sunglasses
Accessories,1521,Hat
Accessories,1522,Backpack
Clothing,1523,Shorts
Clothing,1524,Socks
Clothing,1525,Socks
Accessories,1526,Belt
Outerwear,1527,Jacket
Accessories,1528,Hat
Clothing,1529,T-shirt
Accessories,1530,Backpack
Outerwear,1531,Coat
Accessories,1532,Backpack
Outerwear,1533,Jacket
Footwear,1534,Shoes
Clothing,1535,Blouse
Footwear,1536,Sandals
Accessories,1537,Sunglasses
Footwear,1538,Shoes
Clothing,1539,Dress
Accessories,1540,Belt
Clothing,1541,Shorts
Accessories,1542,Handbag
Clothing,1543,Blouse
Clothing,1544,Jeans
Accessories,1545,Jewelry
Accessories,1546,Belt
Footwear,1547,Sneakers
Accessories,1548,Hat
Clothing,1549,Dress
Footwear,1550,Sneakers
Accessories,1551,Sunglasses
Accessories,1552,Handbag
Clothing,1553,Blouse
Clothing,1554,Blouse
Clothing,1555,Shorts
Clothing,1556,Shorts
Clothing,1557,Hoodie
Accessories,1558,Backpack
Accessories,1559,Sunglasses
Accessories,1560,Scarf
Accessories,1561,Hat
Accessories,1562,Scarf
Accessories,1563,Scarf
Clothing,1564,Pants
Accessories,1565,Backpack
Accessories,1566,Sunglasses
Footwear,1567,Sneakers
Accessories,1568,Backpack
Footwear,1569,Sneakers
Clothing,1570,Skirt
Clothing,1571,Pants
Accessories,1572,Jewelry
Clothing,1573,Skirt
Clothing,1574,T-shirt
Clothing,1575,Skirt
Clothing,1576,Shirt
Clothing,1577,Dress
Footwear,1578,Boots
Clothing,1579,Pants
Outerwear,1580,Jacket
Footwear,1581,Sneakers
Accessories,1582,Jewelry
Accessories,1583,Belt
Accessories,1584,Scarf
Clothing,1585,Blouse
Clothing,1586,Sweater
Footwear,1587,Boots
Clothing,1588,Socks
Accessories,1589,Belt
Footwear,1590,Sneakers
Clothing,1591,Jeans
Clothing,1592,Skirt
Footwear,1593,Shoes
Clothing,1594,Dress
Accessories,1595,Handbag
Accessories,1596,Backpack
Accessories,1597,Jewelry
Accessories,1598,Hat
Accessories,1599,Jewelry
Clothing,1600,Shirt
Footwear,1601,Boots
Clothing,1602,Shirt
Accessories,1603,Sunglasses
Clothing,1604,Shorts
Clothing,1605,Sweater
Accessories,1606,Belt
Clothing,1607,T-shirt
Clothing,1608,Shorts
Footwear,1609,Sandals
Clothing,1610,Shirt
Clothing,1611,Socks
Clothing,1612,Pants
Clothing,1613,Skirt
Accessories,1614,Jewelry
Clothing,1615,T-shirt
Accessories,1616,Jewelry
Accessories,1617,Hat
Clothing,1618,Blouse
Footwear,1619,Sandals
Accessories,1620,Handbag
Accessories,1621,Hat
Accessories,1622,Scarf
Clothing,1623,Shorts
Accessories,1624,Backpack
Clothing,1625,Sweater
Clothing,1626,Skirt
Footwear,1627,Sneakers
Accessories,1628,Sunglasses
Clothing,1629,Dress
Clothing,1630,Blouse
Footwear,1631,Shoes
Clothing,1632,Sweater
Accessories,1633,Gloves
Clothing,1634,Socks
Outerwear,1635,Coat
Accessories,1636,Sunglasses
Footwear,1637,Boots
Clothing,1638,Dress
Outerwear,1639,Jacket
Accessories,1640,Gloves
Accessories,1641,Scarf
Clothing,1642,Hoodie
Outerwear,1643,Coat
Accessories,1644,Scarf
Outerwear,1645,Coat
Accessories,1646,Scarf
Accessories,1647,Handbag
Footwear,1648,Boots
Clothing,1649,Pants
Clothing,1650,T-shirt
Accessories,1651,Scarf
Outerwear,1652,Coat
Clothing,1653,Sweater
Accessories,1654,Belt
Accessories,1655,Belt
Clothing,1656,Sweater
Clothing,1657,Blouse
Clothing,1658,Skirt
Accessories,1659,Jewelry
Accessories,1660,Gloves
Clothing,1661,T-shirt
Accessories,1662,Gloves
Accessories,1663,Sunglasses
Clothing,1664,Shirt
Accessories,1665,Handbag
Outerwear,1666,Jacket
Clothing,1667,Skirt
Accessories,1668,Handbag
Clothing,1669,Blouse
Clothing,1670,T-shirt
Clothing,1671,Pants
Clothing,1672,Hoodie
Footwear,1673,Boots
Clothing,1674,Blouse
Outerwear,1675,Coat
Clothing,1676,Pants
Accessories,1677,Sunglasses
Clothing,1678,Jeans
Clothing,1679,Pants
Clothing,1680,Dress
Footwear,1681,Shoes
Footwear,1682,Sneakers
Clothing,1683,Socks
Outerwear,1684,Coat
Clothing,1685,Shirt
Clothing,1686,Blouse
Accessories,1687,Gloves
Clothing,1688,Skirt
Accessories,1689,Handbag
Clothing,1690,Shirt
Outerwear,1691,Coat
Footwear,1692,Shoes
Accessories,1693,Handbag
Outerwear,1694,Jacket
Clothing,1695,Shirt
Accessories,1696,Hat
Accessories,1697,Sunglasses
Clothing,1698,Shirt
Accessories,1699,Belt
Clothing,1700,Sweater
Clothing,1701,Hoodie
Accessories,1702,Handbag
Clothing,1703,Jeans
Accessories,1704,Backpack
Footwear,1705,Sneakers
Accessories,1706,Jewelry
Accessories,1707,Sunglasses
Clothing,1708,Shorts
Footwear,1709,Boots
Clothing,1710,Skirt
Clothing,1711,Pants
Clothing,1712,T-shirt
Clothing,1713,T-shirt
Outerwear,1714,Jacket
Clothing,1715,Jeans
Clothing,1716,Dress
Clothing,1717,Blouse
Clothing,1718,Hoodie
Clothing,1719,T-shirt
Clothing,1720,Sweater
Clothing,1721,Shorts
Accessories,1722,Jewelry
Clothing,1723,T-shirt
Accessories,1724,Scarf
Footwear,1725,Shoes
Accessories,1726,Sunglasses
Outerwear,1727,Coat
Clothing,1728,Blouse
Clothing,1729,Jeans
Clothing,1730,Shorts
Clothing,1731,Shirt
Accessories,1732,Backpack
Accessories,1733,Belt
Clothing,1734,Blouse
Clothing,1735,Jeans
Clothing,1736,Dress
Clothing,1737,Shorts
Accessories,1738,Jewelry
Accessories,1739,Handbag
Accessories,1740,Jewelry
Clothing,1741,Pants
Clothing,1742,Pants
Footwear,1743,Sandals
Clothing,1744,Skirt
Accessories,1745,Sunglasses
Clothing,1746,Skirt
Accessories,1747,Handbag
Outerwear,1748,Coat
Clothing,1749,Skirt
Clothing,1750,Hoodie
Accessories,1751,Sunglasses
Clothing,1752,Sweater
Footwear,1753,Boots
Clothing,1754,Skirt
Clothing,1755,Dress
Accessories,1756,Belt
Accessories,1757,Jewelry
Clothing,1758,Dress
Accessories,1759,Hat
Clothing,1760,Sweater
Clothing,1761,Skirt
Clothing,1762,Hoodie
Footwear,1763,Sandals
Accessories,1764,Jewelry
Clothing,1765,Dress
Clothing,1766,Hoodie
Clothing,1767,Sweater
Accessories,1768,Jewelry
Footwear,1769,Sandals
Clothing,1770,Socks
Accessories,1771,Backpack
Clothing,1772,Shirt
Footwear,1773,Shoes
Outerwear,1774,Coat
Clothing,1775,Sweater
Outerwear,1776,Jacket
Outerwear,1777,Jacket
Footwear,1778,Sneakers
Accessories,1779,Belt
Accessories,1780,Scarf
Accessories,1781,Jewelry
Clothing,1782,T-shirt
Clothing,1783,Pants
Accessories,1784,Handbag
Accessories,1785,Backpack
Accessories,1786,Gloves
Outerwear,1787,Jacket
Clothing,1788,Sweater
Clothing,1789,Blouse
Clothing,1790,Blouse
Accessories,1791,Gloves
Clothing,1792,Jeans
Footwear,1793,Sneakers
Accessories,1794,Hat
Accessories,1795,Backpack
Clothing,1796,Jeans
Clothing,1797,Skirt
Accessories,1798,Belt
Clothing,1799,Dress
Clothing,1800,Hoodie
Outerwear,1801,Coat
Clothing,1802,Sweater
Clothing,1803,Shorts
Footwear,1804,Sneakers
Clothing,1805,Sweater
Clothing,1806,T-shirt
Accessories,1807,Handbag
Footwear,1808,Sneakers
Outerwear,1809,Jacket
Accessories,1810,Backpack
Clothing,1811,Jeans
Accessories,1812,Belt
Footwear,1813,Boots
Clothing,1814,Shorts
Clothing,1815,Jeans
Footwear,1816,Shoes
Accessories,1817,Hat
Clothing,1818,T-shirt
Accessories,1819,Sunglasses
Clothing,1820,Socks
Clothing,1821,Shirt
Clothing,1822,Shorts
Clothing,1823,Shirt
Clothing,1824,Socks
Clothing,1825,Pants
Footwear,1826,Boots
Clothing,1827,T-shirt
Clothing,1828,T-shirt
Outerwear,1829,Coat
Accessories,1830,Hat
Accessories,1831,Sunglasses
Clothing,1832,Blouse
Accessories,1833,Jewelry
Accessories,1834,Jewelry
Clothing,1835,Skirt
Accessories,1836,Scarf
Clothing,1837,Pants
Accessories,1838,Hat
Accessories,1839,Gloves
Clothing,1840,Shirt
Footwear,1841,Sandals
Clothing,1842,Socks
Accessories,1843,Handbag
Outerwear,1844,Jacket
Clothing,1845,Shorts
Footwear,1846,Sandals
Accessories,1847,Scarf
Footwear,1848,Sandals
Clothing,1849,Jeans
Clothing,1850,Skirt
Accessories,1851,Gloves
Clothing,1852,Skirt
Clothing,1853,Sweater
Clothing,1854,Blouse
Clothing,1855,Sweater
Clothing,1856,Shirt
Accessories,1857,Jewelry
Clothing,1858,T-shirt
Accessories,1859,Scarf
Accessories,1860,Belt
Clothing,1861,T-shirt
Footwear,1862,Sneakers
Accessories,1863,Gloves
Footwear,1864,Sandals
Accessories,1865,Backpack
Clothing,1866,Pants
Clothing,1867,T-shirt
Clothing,1868,Skirt
Accessories,1869,Gloves
Clothing,1870,Blouse
Clothing,1871,Blouse
Clothing,1872,Jeans
Clothing,1873,T-shirt
Clothing,1874,Sweater
Clothing,1875,Pants
Footwear,1876,Boots
Clothing,1877,Skirt
Accessories,1878,Gloves
Clothing,1879,Socks
Clothing,1880,T-shirt
Clothing,1881,Blouse
Clothing,1882,Blouse
Accessories,1883,Scarf
Accessories,1884,Backpack
Clothing,1885,Shorts
Accessories,1886,Jewelry
Accessories,1887,Gloves
Clothing,1888,Hoodie
Clothing,1889,Hoodie
Clothing,1890,Skirt
Accessories,1891,Sunglasses
Accessories,1892,Jewelry
Outerwear,1893,Jacket
Clothing,1894,Dress
Clothing,1895,Hoodie
Clothing,1896,Jeans
Footwear,1897,Sandals
Accessories,1898,Sunglasses
Clothing,1899,Pants
Clothing,1900,Shorts
Accessories,1901,Jewelry
Clothing,1902,Socks
Footwear,1903,Sandals
Clothing,1904,Pants
Clothing,1905,T-shirt
Footwear,1906,Boots
Accessories,1907,Backpack
Clothing,1908,Skirt
Accessories,1909,Scarf
Clothing,1910,Sweater
Footwear,1911,Sandals
Accessories,1912,Jewelry
Clothing,1913,Sweater
Clothing,1914,Skirt
Clothing,1915,Shorts
Accessories,1916,Backpack
Clothing,1917,Hoodie
Clothing,1918,Skirt
Clothing,1919,Skirt
Accessories,1920,Backpack
Clothing,1921,Blouse
Clothing,1922,Shirt
Accessories,1923,Gloves
Footwear,1924,Sandals
Outerwear,1925,Jacket
Footwear,1926,Sneakers
Accessories,1927,Backpack
Clothing,1928,Pants
Accessories,1929,Sunglasses
Clothing,1930,Jeans
Clothing,1931,Pants
Accessories,1932,Jewelry
Clothing,1933,Hoodie
Footwear,1934,Sandals
Outerwear,1935,Jacket
Clothing,1936,Blouse
Accessories,1937,Jewelry
Clothing,1938,Socks
Clothing,1939,Jeans
Accessories,1940,Gloves
Accessories,1941,Hat
Footwear,1942,Shoes
Clothing,1943,Pants
Clothing,1944,Socks
Clothing,1945,Hoodie
Clothing,1946,Hoodie
Clothing,1947,Pants
Clothing,1948,Shirt
Clothing,1949,T-shirt
Clothing,1950,Dress
Accessories,1951,Backpack
Accessories,1952,Gloves
Footwear,1953,Shoes
Clothing,1954,Skirt
Accessories,1955,Gloves
Clothing,1956,Hoodie
Clothing,1957,Socks
Accessories,1958,Gloves
Clothing,1959,Shorts
Footwear,1960,Shoes
Clothing,1961,Jeans
Footwear,1962,Boots
Accessories,1963,Hat
Clothing,1964,Shorts
Clothing,1965,Pants
Clothing,1966,Sweater
Outerwear,1967,Jacket
Clothing,1968,Dress
Clothing,1969,Shirt
Clothing,1970,Dress
Accessories,1971,Belt
Accessories,1972,Hat
Accessories,1973,Backpack
Clothing,1974,Skirt
Accessories,1975,Gloves
Outerwear,1976,Jacket
Accessories,1977,Handbag
Footwear,1978,Sandals
Accessories,1979,Sunglasses
Clothing,1980,Jeans
Footwear,1981,Sandals
Footwear,1982,Shoes
Accessories,1983,Sunglasses
Accessories,1984,Scarf
Clothing,1985,Skirt
Accessories,1986,Gloves
Outerwear,1987,Coat
Accessories,1988,Belt
Clothing,1989,Pants
Accessories,1990,Jewelry
Accessories,1991,Backpack
Footwear,1992,Sneakers
Clothing,1993,Hoodie
Clothing,1994,Blouse
Accessories,1995,Sunglasses
Footwear,1996,Boots
Footwear,1997,Sneakers
Accessories,1998,Backpack
Clothing,1999,Pants
Clothing,2000,Socks
Accessories,2001,Belt
Accessories,2002,Sunglasses
Clothing,2003,Shirt
Footwear,2004,Sneakers
Footwear,2005,Shoes
Footwear,2006,Sandals
Accessories,2007,Scarf
Clothing,2008,Shirt
Clothing,2009,Skirt
Footwear,2010,Boots
Clothing,2011,Sweater
Footwear,2012,Sandals
Clothing,2013,Jeans
Accessories,2014,Backpack
Clothing,2015,Skirt
Accessories,2016,Belt
Footwear,2017,Shoes
Clothing,2018,Socks
Accessories,2019,Backpack
Clothing,2020,Shirt
Clothing,2021,Sweater
Accessories,2022,Handbag
Accessories,2023,Jewelry
Clothing,2024,Socks
Clothing,2025,Socks
Clothing,2026,Shirt
Accessories,2027,Scarf
Footwear,2028,Shoes
Footwear,2029,Shoes
Accessories,2030,Scarf
Accessories,2031,Sunglasses
Clothing,2032,Socks
Clothing,2033,Blouse
Clothing,2034,Jeans
Clothing,2035,Shorts
Clothing,2036,T-shirt
Clothing,2037,Blouse
Accessories,2038,Belt
Clothing,2039,Blouse
Clothing,2040,T-shirt
Accessories,2041,Jewelry
Outerwear,2042,Jacket
Footwear,2043,Shoes
Accessories,2044,Gloves
Clothing,2045,Jeans
Accessories,2046,Jewelry
Clothing,2047,Pants
Accessories,2048,Jewelry
Footwear,2049,Sneakers
Footwear,2050,Boots
Accessories,2051,Hat
Clothing,2052,T-shirt
Accessories,2053,Backpack
Accessories,2054,Sunglasses
Clothing,2055,Sweater
Accessories,2056,Handbag
Accessories,2057,Backpack
Clothing,2058,Socks
Clothing,2059,Shirt
Clothing,2060,Shorts
Accessories,2061,Belt
Clothing,2062,Sweater
Outerwear,2063,Coat
Clothing,2064,Shorts
Footwear,2065,Shoes
Footwear,2066,Sneakers
Footwear,2067,Sneakers
Clothing,2068,Pants
Accessories,2069,Jewelry
Clothing,2070,T-shirt
Accessories,2071,Jewelry
Outerwear,2072,Jacket
Accessories,2073,Backpack
Accessories,2074,Belt
Accessories,2075,Scarf
Clothing,2076,Sweater
Accessories,2077,Gloves
Accessories,2078,Scarf
Clothing,2079,Dress
Clothing,2080,Jeans
Accessories,2081,Sunglasses
Outerwear,2082,Coat
Clothing,2083,Jeans
Accessories,2084,Scarf
Clothing,2085,Blouse
Clothing,2086,Jeans
Clothing,2087,Dress
Accessories,2088,Hat
Footwear,2089,Sandals
Outerwear,2090,Jacket
Clothing,2091,Socks
Clothing,2092,Jeans
Footwear,2093,Sandals
Clothing,2094,Dress
Clothing,2095,Socks
Clothing,2096,Hoodie
Clothing,2097,Dress
Footwear,2098,Sneakers
Clothing,2099,T-shirt
Clothing,2100,T-shirt
Clothing,2101,Sweater
Clothing,2102,Shirt
Accessories,2103,Hat
Clothing,2104,Pants
Footwear,2105,Shoes
Accessories,2106,Gloves
Accessories,2107,Jewelry
Clothing,2108,Pants
Clothing,2109,Hoodie
Accessories,2110,Jewelry
Clothing,2111,Socks
Accessories,2112,Sunglasses
Accessories,2113,Belt
Clothing,2114,Dress
Clothing,2115,Shirt
Accessories,2116,Scarf
Outerwear,2117,Jacket
Clothing,2118,Dress
Clothing,2119,Socks
Accessories,2120,Jewelry
Accessories,2121,Scarf
Accessories,2122,Backpack
Outerwear,2123,Jacket
Outerwear,2124,Coat
Clothing,2125,Skirt
Outerwear,2126,Coat
Footwear,2127,Shoes
Footwear,2128,Boots
Outerwear,2129,Coat
Clothing,2130,Skirt
Accessories,2131,Backpack
Clothing,2132,Shorts
Clothing,2133,Skirt
Accessories,2134,Hat
Footwear,2135,Sandals
Accessories,2136,Sunglasses
Accessories,2137,Sunglasses
Clothing,2138,Socks
Clothing,2139,Sweater
Footwear,2140,Boots
Accessories,2141,Handbag
Clothing,2142,Dress
Accessories,2143,Hat
Footwear,2144,Sandals
Footwear,2145,Shoes
Clothing,2146,Skirt
Accessories,2147,Sunglasses
Clothing,2148,Skirt
Clothing,2149,T-shirt
Footwear,2150,Sandals
Clothing,2151,Shirt
Clothing,2152,Jeans
Clothing,2153,Shorts
Clothing,2154,Shirt
Accessories,2155,Scarf
Accessories,2156,Handbag
Clothing,2157,Skirt
Accessories,2158,Handbag
Accessories,2159,Gloves
Clothing,2160,Shirt
Clothing,2161,Blouse
Clothing,2162,Dress
Clothing,2163,Shorts
Footwear,2164,Shoes
Footwear,2165,Sandals
Clothing,2166,Pants
Outerwear,2167,Jacket
Clothing,2168,Skirt
Accessories,2169,Handbag
Outerwear,2170,Coat
Clothing,2171,Sweater
Clothing,2172,Shorts
Clothing,2173,Skirt
Accessories,2174,Gloves
Accessories,2175,Backpack
Clothing,2176,Dress
Accessories,2177,Belt
Accessories,2178,Gloves
Accessories,2179,Jewelry
Clothing,2180,Socks
Outerwear,2181,Coat
Accessories,2182,Handbag
Clothing,2183,Blouse
Clothing,2184,Shorts
Footwear,2185,Shoes
Clothing,2186,Shorts
Footwear,2187,Sandals
Clothing,2188,Blouse
Outerwear,2189,Coat
Clothing,2190,Blouse
Accessories,2191,Belt
Clothing,2192,Blouse
Accessories,2193,Scarf
Clothing,2194,Shirt
Clothing,2195,Socks
Clothing,2196,Jeans
Clothing,2197,Dress
Footwear,2198,Boots
Accessories,2199,Scarf
Accessories,2200,Scarf
Accessories,2201,Gloves
Clothing,2202,Pants
Clothing,2203,Dress
Clothing,2204,Dress
Clothing,2205,Jeans
Clothing,2206,Sweater
Footwear,2207,Sandals
Accessories,2208,Handbag
Accessories,2209,Scarf
Footwear,2210,Sandals
Accessories,2211,Sunglasses
Clothing,2212,Sweater
Clothing,2213,Pants
Accessories,2214,Hat
Accessories,2215,Belt
Footwear,2216,Sandals
Clothing,2217,Pants
Accessories,2218,Jewelry
Accessories,2219,Sunglasses
Clothing,2220,Blouse
Accessories,2221,Belt
Clothing,2222,Shorts
Clothing,2223,Pants
Footwear,2224,Sandals
Accessories,2225,Gloves
Accessories,2226,Belt
Clothing,2227,Shirt
Accessories,2228,Scarf
Accessories,2229,Gloves
Clothing,2230,Pants
Footwear,2231,Sneakers
Outerwear,2232,Jacket
Footwear,2233,Shoes
Clothing,2234,Blouse
Footwear,2235,Boots
Clothing,2236,Socks
Clothing,2237,T-shirt
Footwear,2238,Sandals
Footwear,2239,Sneakers
Accessories,2240,Jewelry
Footwear,2241,Sandals
Outerwear,2242,Jacket
Clothing,2243,Skirt
Clothing,2244,Shirt
Clothing,2245,Shorts
Clothing,2246,Socks
Outerwear,2247,Jacket
Accessories,2248,Jewelry
Clothing,2249,T-shirt
Accessories,2250,Gloves
Footwear,2251,Shoes
Footwear,2252,Shoes
Footwear,2253,Shoes
Clothing,2254,Hoodie
Accessories,2255,Belt
Outerwear,2256,Coat
Clothing,2257,Blouse
Clothing,2258,Skirt
Clothing,2259,T-shirt
Clothing,2260,Jeans
Accessories,2261,Scarf
Accessories,2262,Backpack
Accessories,2263,Backpack
Accessories,2264,Scarf
Accessories,2265,Hat
Outerwear,2266,Coat
Clothing,2267,Dress
Accessories,2268,Gloves
Clothing,2269,Sweater
Clothing,2270,Skirt
Clothing,2271,Blouse
Clothing,2272,Dress
Outerwear,2273,Jacket
Outerwear,2274,Coat
Clothing,2275,Dress
Clothing,2276,Shorts
Clothing,2277,Jeans
Accessories,2278,Hat
Accessories,2279,Gloves
Footwear,2280,Sneakers
Footwear,2281,Shoes
Clothing,2282,Hoodie
Footwear,2283,Sneakers
Accessories,2284,Handbag
Clothing,2285,Blouse
Accessories,2286,Belt
Clothing,2287,Socks
Clothing,2288,Blouse
Accessories,2289,Jewelry
Clothing,2290,Shorts
Footwear,2291,Boots
Outerwear,2292,Coat
Clothing,2293,T-shirt
Clothing,2294,Sweater
Accessories,2295,Sunglasses
Accessories,2296,Hat
Accessories,2297,Gloves
Clothing,2298,Socks
Accessories,2299,Handbag
Outerwear,2300,Coat
Outerwear,2301,Coat
Clothing,2302,Pants
Accessories,2303,Belt
Accessories,2304,Sunglasses
Clothing,2305,Hoodie
Accessories,2306,Handbag
Accessories,2307,Gloves
Clothing,2308,Skirt
Accessories,2309,Sunglasses
Clothing,2310,Dress
Accessories,2311,Gloves
Footwear,2312,Sneakers
Clothing,2313,T-shirt
Clothing,2314,Dress
Accessories,2315,Handbag
Clothing,2316,Socks
Footwear,2317,Sneakers
Outerwear,2318,Jacket
Clothing,2319,Hoodie
Footwear,2320,Sandals
Footwear,2321,Shoes
Footwear,2322,Sandals
Outerwear,2323,Coat
Accessories,2324,Gloves
Outerwear,2325,Coat
Footwear,2326,Boots
Clothing,2327,Skirt
Clothing,2328,Skirt
Clothing,2329,Pants
Accessories,2330,Hat
Accessories,2331,Backpack
Accessories,2332,Scarf
Accessories,2333,Scarf
Clothing,2334,Shirt
Footwear,2335,Boots
Outerwear,2336,Coat
Accessories,2337,Belt
Footwear,2338,Boots
Footwear,2339,Sneakers
Clothing,2340,Shirt
Clothing,2341,Blouse
Outerwear,2342,Jacket
Clothing,2343,Skirt
Clothing,2344,Socks
Footwear,2345,Sandals
Clothing,2346,T-shirt
Outerwear,2347,Jacket
Accessories,2348,Belt
Footwear,2349,Shoes
Clothing,2350,Blouse
Footwear,2351,Shoes
Clothing,2352,Sweater
Footwear,2353,Boots
Accessories,2354,Handbag
Clothing,2355,Blouse
Clothing,2356,Skirt
Accessories,2357,Backpack
Clothing,2358,Shirt
Clothing,2359,Sweater
Accessories,2360,Scarf
Accessories,2361,Handbag
Accessories,2362,Scarf
Clothing,2363,Jeans
Clothing,2364,Socks
Accessories,2365,Sunglasses
Footwear,2366,Sneakers
Footwear,2367,Shoes
Clothing,2368,Socks
Accessories,2369,Sunglasses
Clothing,2370,Sweater
Footwear,2371,Shoes
Clothing,2372,Socks
Footwear,2373,Boots
Clothing,2374,Hoodie
Accessories,2375,Gloves
Accessories,2376,Backpack
Accessories,2377,Gloves
Clothing,2378,Blouse
Accessories,2379,Scarf
Accessories,2380,Hat
Accessories,2381,Scarf
Footwear,2382,Sandals
Clothing,2383,Sweater
Accessories,2384,Backpack
Clothing,2385,Blouse
Accessories,2386,Scarf
Clothing,2387,Socks
Accessories,2388,Hat
Clothing,2389,Dress
Outerwear,2390,Coat
Clothing,2391,Shirt
Clothing,2392,Shirt
Clothing,2393,Jeans
Clothing,2394,Socks
Footwear,2395,Sandals
Clothing,2396,Blouse
Clothing,2397,Shirt
Accessories,2398,Sunglasses
Outerwear,2399,Jacket
Clothing,2400,Dress
Accessories,2401,Sunglasses
Footwear,2402,Boots
Accessories,2403,Scarf
Clothing,2404,Shorts
Clothing,2405,Shorts
Clothing,2406,Jeans
Accessories,2407,Scarf
Clothing,2408,Shorts
Footwear,2409,Sneakers
Accessories,2410,Jewelry
Footwear,2411,Shoes
Clothing,2412,Hoodie
Outerwear,2413,Jacket
Clothing,2414,Shorts
Clothing,2415,Socks
Outerwear,2416,Coat
Footwear,2417,Sandals
Accessories,2418,Backpack
Clothing,2419,Pants
Clothing,2420,Sweater
Outerwear,2421,Jacket
Footwear,2422,Sneakers
Accessories,2423,Jewelry
Accessories,2424,Backpack
Accessories,2425,Jewelry
Footwear,2426,Shoes
Outerwear,2427,Jacket
Outerwear,2428,Jacket
Clothing,2429,T-shirt
Footwear,2430,Sneakers
Outerwear,2431,Jacket
Clothing,2432,Hoodie
Outerwear,2433,Jacket
Clothing,2434,T-shirt
Accessories,2435,Gloves
Footwear,2436,Sneakers
Clothing,2437,T-shirt
Footwear,2438,Sneakers
Clothing,2439,Jeans
Accessories,2440,Handbag
Clothing,2441,Socks
Accessories,2442,Jewelry
Clothing,2443,Blouse
Accessories,2444,Backpack
Accessories,2445,Scarf
Accessories,2446,Scarf
Clothing,2447,Shirt
Clothing,2448,Pants
Accessories,2449,Hat
Outerwear,2450,Coat
Clothing,2451,T-shirt
Clothing,2452,Socks
Clothing,2453,Shirt
Clothing,2454,Sweater
Accessories,2455,Gloves
Accessories,2456,Belt
Clothing,2457,Jeans
Accessories,2458,Handbag
Clothing,2459,T-shirt
Clothing,2460,Socks
Clothing,2461,Jeans
Accessories,2462,Scarf
Clothing,2463,Pants
Clothing,2464,Blouse
Outerwear,2465,Jacket
Footwear,2466,Sandals
Clothing,2467,Shorts
Clothing,2468,Shorts
Clothing,2469,Skirt
Footwear,2470,Sandals
Clothing,2471,Blouse
Footwear,2472,Sandals
Clothing,2473,Shirt
Clothing,2474,Socks
Clothing,2475,T-shirt
Clothing,2476,Dress
Accessories,2477,Hat
Accessories,2478,Gloves
Clothing,2479,Socks
Clothing,2480,Dress
Clothing,2481,Socks
Accessories,2482,Belt
Accessories,2483,Handbag
Clothing,2484,Skirt
Clothing,2485,Hoodie
Clothing,2486,Blouse
Clothing,2487,Jeans
Footwear,2488,Boots
Accessories,2489,Handbag
Outerwear,2490,Coat
Clothing,2491,Blouse
Accessories,2492,Handbag
Accessories,2493,Sunglasses
Clothing,2494,Socks
Footwear,2495,Shoes
Accessories,2496,Backpack
Accessories,2497,Scarf
Accessories,2498,Backpack
Outerwear,2499,Coat
Clothing,2500,Hoodie
Accessories,2501,Gloves
Clothing,2502,Shorts
Clothing,2503,Skirt
Footwear,2504,Boots
Clothing,2505,Shorts
Accessories,2506,Handbag
Clothing,2507,Dress
Footwear,2508,Shoes
Footwear,2509,Sneakers
Clothing,2510,Socks
Outerwear,2511,Jacket
Accessories,2512,Backpack
Clothing,2513,Socks
Accessories,2514,Handbag
Accessories,2515,Hat
Clothing,2516,Blouse
Clothing,2517,Shorts
Clothing,2518,Shirt
Footwear,2519,Boots
Outerwear,2520,Jacket
Outerwear,2521,Jacket
Accessories,2522,Handbag
Accessories,2523,Belt
Accessories,2524,Handbag
Outerwear,2525,Coat
Clothing,2526,Sweater
Clothing,2527,Shorts
Clothing,2528,Pants
Accessories,2529,Jewelry
Accessories,2530,Gloves
Clothing,2531,Skirt
Footwear,2532,Sandals
Clothing,2533,Socks
Accessories,2534,Jewelry
Accessories,2535,Sunglasses
Outerwear,2536,Coat
Accessories,2537,Belt
Outerwear,2538,Coat
Accessories,2539,Scarf
Footwear,2540,Sandals
Accessories,2541,Belt
Accessories,2542,Scarf
Accessories,2543,Jewelry
Accessories,2544,Scarf
Clothing,2545,Pants
Footwear,2546,Shoes
Footwear,2547,Boots
Outerwear,2548,Jacket
Accessories,2549,Backpack
Outerwear,2550,Jacket
Footwear,2551,Boots
Footwear,2552,Shoes
Accessories,2553,Belt
Accessories,2554,Jewelry
Accessories,2555,Jewelry
Clothing,2556,Pants
Clothing,2557,T-shirt
Clothing,2558,Shorts
Clothing,2559,Hoodie
Accessories,2560,Belt
Footwear,2561,Boots
Clothing,2562,Hoodie
Clothing,2563,Shorts
Accessories,2564,Backpack
Accessories,2565,Scarf
Clothing,2566,Socks
Accessories,2567,Handbag
Accessories,2568,Sunglasses
Clothing,2569,T-shirt
Clothing,2570,Dress
Footwear,2571,Sneakers
Accessories,2572,Sunglasses
Clothing,2573,Blouse
Clothing,2574,T-shirt
Accessories,2575,Hat
Clothing,2576,Shorts
Clothing,2577,Hoodie
Clothing,2578,Socks
Accessories,2579,Sunglasses
Clothing,2580,Blouse
Clothing,2581,Jeans
Clothing,2582,Dress
Clothing,2583,Dress
Clothing,2584,Jeans
Clothing,2585,Socks
Accessories,2586,Sunglasses
Outerwear,2587,Coat
Accessories,2588,Scarf
Accessories,2589,Backpack
Clothing,2590,Pants
Accessories,2591,Gloves
Outerwear,2592,Jacket
Clothing,2593,Shorts
Clothing,2594,Pants
Clothing,2595,Skirt
Clothing,2596,Blouse
Clothing,2597,Shirt
Accessories,2598,Jewelry
Accessories,2599,Backpack
Accessories,2600,Jewelry
Accessories,2601,Belt
Clothing,2602,Dress
Outerwear,2603,Coat
Clothing,2604,Dress
Clothing,2605,Sweater
Clothing,2606,Hoodie
Footwear,2607,Shoes
Footwear,2608,Shoes
Outerwear,2609,Jacket
Accessories,2610,Backpack
Clothing,2611,Jeans
Outerwear,2612,Jacket
Accessories,2613,Sunglasses
Accessories,2614,Gloves
Outerwear,2615,Jacket
Clothing,2616,T-shirt
Footwear,2617,Sandals
Clothing,2618,Shorts
Accessories,2619,Handbag
Clothing,2620,Pants
Clothing,2621,Blouse
Footwear,2622,Shoes
Accessories,2623,Backpack
Footwear,2624,Shoes
Clothing,2625,Dress
Clothing,2626,Skirt
Outerwear,2627,Jacket
Clothing,2628,Shirt
Clothing,2629,Hoodie
Accessories,2630,Scarf
Clothing,2631,Skirt
Clothing,2632,Skirt
Accessories,2633,Scarf
Accessories,2634,Sunglasses
Footwear,2635,Sandals
Clothing,2636,Hoodie
Outerwear,2637,Jacket
Clothing,2638,Pants
Clothing,2639,Shirt
Clothing,2640,Blouse
Clothing,2641,Skirt
Accessories,2642,Sunglasses
Accessories,2643,Belt
Accessories,2644,Gloves
Clothing,2645,Pants
Accessories,2646,Scarf
Clothing,2647,T-shirt
Footwear,2648,Shoes
Clothing,2649,Pants
Accessories,2650,Gloves
Clothing,2651,Socks
Footwear,2652,Sneakers
Clothing,2653,Shorts
Clothing,2654,Blouse
Outerwear,2655,Coat
Accessories,2656,Sunglasses
Clothing,2657,Shorts
Clothing,2658,Dress
Accessories,2659,Handbag
Footwear,2660,Boots
Clothing,2661,Pants
Footwear,2662,Boots
Clothing,2663,Skirt
Footwear,2664,Sneakers
Accessories,2665,Jewelry
Clothing,2666,T-shirt
Footwear,2667,Sandals
Footwear,2668,Boots
Outerwear,2669,Coat
Accessories,2670,Belt
Accessories,2671,Sunglasses
Footwear,2672,Sandals
Footwear,2673,Boots
Clothing,2674,Hoodie
Accessories,2675,Hat
Clothing,2676,Shorts
Accessories,2677,Backpack
Clothing,2678,Shorts
Accessories,2679,Belt
Clothing,2680,Shorts
Clothing,2681,Socks
Footwear,2682,Shoes
Footwear,2683,Sneakers
Accessories,2684,Backpack
Clothing,2685,Dress
Footwear,2686,Boots
Clothing,2687,Socks
Clothing,2688,Dress
Accessories,2689,Handbag
Clothing,2690,Blouse
Accessories,2691,Belt
Clothing,2692,Pants
Footwear,2693,Sneakers
Footwear,2694,Boots
Accessories,2695,Sunglasses
Accessories,2696,Hat
Outerwear,2697,Coat
Outerwear,2698,Jacket
Clothing,2699,Hoodie
Footwear,2700,Boots
Clothing,2701,T-shirt
Clothing,2702,Sweater
Footwear,2703,Shoes
Accessories,2704,Scarf
Clothing,2705,Dress
Outerwear,2706,Jacket
Footwear,2707,Shoes
Accessories,2708,Backpack
Clothing,2709,Dress
Clothing,2710,Shirt
Outerwear,2711,Jacket
Accessories,2712,Sunglasses
Outerwear,2713,Jacket
Outerwear,2714,Coat
Clothing,2715,Sweater
Footwear,2716,Sneakers
Footwear,2717,Shoes
Accessories,2718,Sunglasses
Clothing,2719,Shorts
Clothing,2720,Hoodie
Accessories,2721,Scarf
Footwear,2722,Sandals
Accessories,2723,Hat
Footwear,2724,Shoes
Footwear,2725,Sneakers
Accessories,2726,Backpack
Accessories,2727,Belt
Clothing,2728,Shirt
Clothing,2729,Skirt
Accessories,2730,Gloves
Accessories,2731,Gloves
Accessories,2732,Handbag
Clothing,2733,Socks
Accessories,2734,Backpack
Clothing,2735,Jeans
Clothing,2736,Skirt
Clothing,2737,Hoodie
Accessories,2738,Jewelry
Footwear,2739,Sneakers
Clothing,2740,Shirt
Accessories,2741,Sunglasses
Clothing,2742,Dress
Footwear,2743,Shoes
Accessories,2744,Belt
Clothing,2745,Shirt
Footwear,2746,Boots
Clothing,2747,Hoodie
Clothing,2748,Jeans
Outerwear,2749,Jacket
Outerwear,2750,Jacket
Footwear,2751,Sandals
Clothing,2752,Dress
Clothing,2753,Sweater
Accessories,2754,Gloves
Accessories,2755,Sunglasses
Accessories,2756,Belt
Accessories,2757,Hat
Accessories,2758,Hat
Clothing,2759,Blouse
Footwear,2760,Shoes
Clothing,2761,Skirt
Footwear,2762,Sneakers
Clothing,2763,T-shirt
Accessories,2764,Handbag
Clothing,2765,Sweater
Accessories,2766,Gloves
Clothing,2767,Dress
Clothing,2768,Dress
Clothing,2769,Blouse
Clothing,2770,Shirt
Footwear,2771,Boots
Outerwear,2772,Jacket
Accessories,2773,Backpack
Clothing,2774,Pants
Footwear,2775,Boots
Clothing,2776,Socks
Accessories,2777,Scarf
Clothing,2778,Blouse
Accessories,2779,Belt
Accessories,2780,Sunglasses
Footwear,2781,Boots
Footwear,2782,Sandals
Accessories,2783,Gloves
Clothing,2784,Skirt
Clothing,2785,Skirt
Clothing,2786,Blouse
Accessories,2787,Handbag
Footwear,2788,Boots
Footwear,2789,Boots
Clothing,2790,Sweater
Clothing,2791,Socks
Accessories,2792,Gloves
Clothing,2793,Shorts
Footwear,2794,Boots
Outerwear,2795,Jacket
Accessories,2796,Scarf
Outerwear,2797,Jacket
Accessories,2798,Jewelry
Clothing,2799,Hoodie
Clothing,2800,T-shirt
Clothing,2801,Shirt
Clothing,2802,Shirt
Outerwear,2803,Coat
Clothing,2804,T-shirt
Clothing,2805,Hoodie
Accessories,2806,Sunglasses
Clothing,2807,Blouse
Clothing,2808,Hoodie
Clothing,2809,Skirt
Clothing,2810,Shorts
Clothing,2811,Jeans
Outerwear,2812,Jacket
Clothing,2813,Hoodie
Clothing,2814,Shirt
Clothing,2815,T-shirt
Clothing,2816,Blouse
Clothing,2817,Skirt
Accessories,2818,Backpack
Clothing,2819,Shorts
Clothing,2820,Shirt
Accessories,2821,Backpack
Footwear,2822,Shoes
Clothing,2823,Skirt
Clothing,2824,Dress
Accessories,2825,Hat
Accessories,2826,Handbag
Accessories,2827,Handbag
Clothing,2828,Blouse
Accessories,2829,Scarf
Accessories,2830,Jewelry
Clothing,2831,Skirt
Clothing,2832,Hoodie
Accessories,2833,Scarf
Clothing,2834,Jeans
Outerwear,2835,Jacket
Clothing,2836,T-shirt
Clothing,2837,Pants
Footwear,2838,Shoes
Outerwear,2839,Jacket
Accessories,2840,Scarf
Clothing,2841,T-shirt
Clothing,2842,Dress
Outerwear,2843,Coat
Clothing,2844,Sweater
Accessories,2845,Hat
Accessories,2846,Backpack
Clothing,2847,Socks
Accessories,2848,Jewelry
Footwear,2849,Boots
Outerwear,2850,Coat
Clothing,2851,Sweater
Clothing,2852,Blouse
Accessories,2853,Belt
Accessories,2854,Hat
Footwear,2855,Sandals
Footwear,2856,Boots
Outerwear,2857,Jacket
Clothing,2858,Dress
Clothing,2859,Jeans
Clothing,2860,Shorts
Clothing,2861,Shirt
Outerwear,2862,Coat
Outerwear,2863,Coat
Clothing,2864,T-shirt
Clothing,2865,Sweater
Clothing,2866,Skirt
Clothing,2867,Blouse
Footwear,2868,Sneakers
Accessories,2869,Backpack
Clothing,2870,Socks
Accessories,2871,Jewelry
Clothing,2872,Shorts
Accessories,2873,Jewelry
Clothing,2874,Sweater
Clothing,2875,Shirt
Clothing,2876,Pants
Clothing,2877,Hoodie
Clothing,2878,Socks
Clothing,2879,Dress
Clothing,2880,Blouse
Clothing,2881,Skirt
Accessories,2882,Backpack
Clothing,2883,Blouse
Clothing,2884,Socks
Footwear,2885,Boots
Accessories,2886,Backpack
Accessories,2887,Hat
Footwear,2888,Sandals
Clothing,2889,Hoodie
Accessories,2890,Sunglasses
Clothing,2891,Jeans
Clothing,2892,T-shirt
Clothing,2893,Dress
Accessories,2894,Belt
Accessories,2895,Jewelry
Clothing,2896,Hoodie
Clothing,2897,Blouse
Outerwear,2898,Jacket
Footwear,2899,Sneakers
Footwear,2900,Boots
Clothing,2901,Blouse
Clothing,2902,Blouse
Footwear,2903,Boots
Accessories,2904,Scarf
Footwear,2905,Sandals
Accessories,2906,Sunglasses
Outerwear,2907,Coat
Accessories,2908,Sunglasses
Clothing,2909,Blouse
Accessories,2910,Backpack
Accessories,2911,Belt
Clothing,2912,Socks
Footwear,2913,Shoes
Outerwear,2914,Coat
Clothing,2915,Sweater
Clothing,2916,Shirt
Clothing,2917,Shorts
Clothing,2918,Shirt
Accessories,2919,Sunglasses
Footwear,2920,Shoes
Accessories,2921,Sunglasses
Accessories,2922,Handbag
Accessories,2923,Sunglasses
Clothing,2924,Shirt
Clothing,2925,Shirt
Clothing,2926,Sweater
Accessories,2927,Handbag
Clothing,2928,Shirt
Accessories,2929,Jewelry
Clothing,2930,Socks
Clothing,2931,T-shirt
Accessories,2932,Jewelry
Accessories,2933,Backpack
Accessories,2934,Hat
Accessories,2935,Gloves
Footwear,2936,Sneakers
Clothing,2937,Skirt
Accessories,2938,Handbag
Accessories,2939,Sunglasses
Clothing,2940,Sweater
Accessories,2941,Handbag
Clothing,2942,Skirt
Clothing,2943,Socks
Clothing,2944,Shirt
Footwear,2945,Sneakers
Accessories,2946,Belt
Clothing,2947,Pants
Accessories,2948,Jewelry
Clothing,2949,Pants
Accessories,2950,Jewelry
Clothing,2951,Jeans
Accessories,2952,Scarf
Accessories,2953,Belt
Clothing,2954,Dress
Clothing,2955,T-shirt
Footwear,2956,Boots
Clothing,2957,Dress
Accessories,2958,Jewelry
Clothing,2959,Skirt
Accessories,2960,Handbag
Outerwear,2961,Coat
Clothing,2962,Hoodie
Clothing,2963,Pants
Footwear,2964,Boots
Outerwear,2965,Coat
Accessories,2966,Scarf
Footwear,2967,Boots
Footwear,2968,Sneakers
Clothing,2969,Sweater
Accessories,2970,Belt
Accessories,2971,Jewelry
Accessories,2972,Handbag
Outerwear,2973,Jacket
Footwear,2974,Boots
Footwear,2975,Sneakers
Accessories,2976,Scarf
Outerwear,2977,Coat
Clothing,2978,Shorts
Clothing,2979,Shorts
Clothing,2980,Jeans
Accessories,2981,Gloves
Clothing,2982,Pants
Clothing,2983,Dress
Clothing,2984,Pants
Accessories,2985,Gloves
Accessories,2986,Belt
Accessories,2987,Belt
Clothing,2988,Skirt
Clothing,2989,Socks
Accessories,2990,Belt
Clothing,2991,Shirt
Clothing,2992,Dress
Clothing,2993,Socks
Outerwear,2994,Jacket
Clothing,2995,Sweater
Clothing,2996,Jeans
Accessories,2997,Jewelry
Clothing,2998,Sweater
Clothing,2999,Hoodie
Accessories,3000,Sunglasses
Footwear,3001,Sandals
Outerwear,3002,Coat
Accessories,3003,Belt
Clothing,3004,Blouse
Clothing,3005,Skirt
Clothing,3006,Shorts
Clothing,3007,Dress
Accessories,3008,Sunglasses
Footwear,3009,Shoes
Accessories,3010,Belt
Accessories,3011,Belt
Accessories,3012,Belt
Accessories,3013,Belt
Clothing,3014,Skirt
Clothing,3015,T-shirt
Accessories,3016,Scarf
Clothing,3017,Blouse
Accessories,3018,Sunglasses
Footwear,3019,Boots
Outerwear,3020,Jacket
Clothing,3021,Jeans
Accessories,3022,Sunglasses
Footwear,3023,Sandals
Accessories,3024,Backpack
Clothing,3025,Blouse
Footwear,3026,Shoes
Clothing,3027,Shirt
Clothing,3028,Hoodie
Clothing,3029,Dress
Clothing,3030,Dress
Footwear,3031,Sneakers
Clothing,3032,Blouse
Accessories,3033,Backpack
Clothing,3034,Sweater
Footwear,3035,Boots
Accessories,3036,Handbag
Clothing,3037,Hoodie
Accessories,3038,Belt
Accessories,3039,Jewelry
Clothing,3040,Blouse
Accessories,3041,Handbag
Accessories,3042,Handbag
Outerwear,3043,Coat
Accessories,3044,Belt
Footwear,3045,Boots
Clothing,3046,Socks
Footwear,3047,Shoes
Footwear,3048,Sneakers
Accessories,3049,Jewelry
Accessories,3050,Handbag
Outerwear,3051,Coat
Accessories,3052,Sunglasses
Footwear,3053,Shoes
Footwear,3054,Shoes
Footwear,3055,Boots
Footwear,3056,Sandals
Accessories,3057,Gloves
Accessories,3058,Backpack
Accessories,3059,Handbag
Clothing,3060,Sweater
Outerwear,3061,Coat
Clothing,3062,T-shirt
Accessories,3063,Backpack
Accessories,3064,Sunglasses
Accessories,3065,Belt
Outerwear,3066,Jacket
Clothing,3067,Skirt
Accessories,3068,Belt
Footwear,3069,Boots
Clothing,3070,Jeans
Footwear,3071,Shoes
Clothing,3072,Sweater
Accessories,3073,Jewelry
Clothing,3074,Shirt
Footwear,3075,Boots
Clothing,3076,Shorts
Accessories,3077,Handbag
Clothing,3078,Sweater
Accessories,3079,Belt
Accessories,3080,Belt
Clothing,3081,Hoodie
Footwear,3082,Sneakers
Clothing,3083,T-shirt
Clothing,3084,Pants
Accessories,3085,Scarf
Clothing,3086,Sweater
Accessories,3087,Handbag
Clothing,3088,Shirt
Clothing,3089,Dress
Footwear,3090,Sandals
Clothing,3091,Shirt
Clothing,3092,Dress
Accessories,3093,Sunglasses
Clothing,3094,Socks
Footwear,3095,Sandals
Accessories,3096,Hat
Clothing,3097,Shirt
Footwear,3098,Shoes
Clothing,3099,Pants
Clothing,3100,Shirt
Accessories,3101,Hat
Accessories,3102,Jewelry
Outerwear,3103,Jacket
Clothing,3104,Shirt
Clothing,3105,Pants
Clothing,3106,Skirt
Footwear,3107,Sandals
Clothing,3108,Blouse
Clothing,3109,Socks
Outerwear,3110,Jacket
Accessories,3111,Handbag
Accessories,3112,Belt
Clothing,3113,Blouse
Clothing,3114,Shirt
Accessories,3115,Handbag
Accessories,3116,Scarf
Outerwear,3117,Coat
Clothing,3118,Hoodie
Clothing,3119,Shorts
Footwear,3120,Sandals
Clothing,3121,Shirt
Clothing,3122,Hoodie
Clothing,3123,Socks
Accessories,3124,Handbag
Accessories,3125,Jewelry
Outerwear,3126,Coat
Accessories,3127,Sunglasses
Accessories,3128,Gloves
Outerwear,3129,Jacket
Footwear,3130,Sandals
Clothing,3131,Pants
Outerwear,3132,Jacket
Clothing,3133,Sweater
Clothing,3134,T-shirt
Footwear,3135,Boots
Footwear,3136,Shoes
Clothing,3137,Skirt
Outerwear,3138,Coat
Clothing,3139,Blouse
Accessories,3140,Sunglasses
Accessories,3141,Gloves
Accessories,3142,Sunglasses
Footwear,3143,Sneakers
Clothing,3144,Hoodie
Footwear,3145,Boots
Accessories,3146,Handbag
Clothing,3147,Shirt
Clothing,3148,Sweater
Clothing,3149,Shorts
Accessories,3150,Belt
Clothing,3151,Blouse
Clothing,3152,T-shirt
Accessories,3153,Belt
Clothing,3154,Socks
Accessories,3155,Belt
Accessories,3156,Handbag
Clothing,3157,Shirt
Accessories,3158,Belt
Accessories,3159,Jewelry
Accessories,3160,Hat
Accessories,3161,Backpack
Clothing,3162,Dress
Footwear,3163,Shoes
Clothing,3164,Pants
Clothing,3165,Dress
Outerwear,3166,Jacket
Clothing,3167,Shirt
Clothing,3168,Dress
Clothing,3169,Jeans
Clothing,3170,T-shirt
Accessories,3171,Sunglasses
Accessories,3172,Jewelry
Clothing,3173,Socks
Clothing,3174,Skirt
Clothing,3175,Pants
Clothing,3176,Socks
Footwear,3177,Sandals
Accessories,3178,Belt
Footwear,3179,Sandals
Clothing,3180,Shorts
Accessories,3181,Handbag
Outerwear,3182,Jacket
Accessories,3183,Sunglasses
Footwear,3184,Sneakers
Clothing,3185,Sweater
Clothing,3186,Skirt
Accessories,3187,Jewelry
Clothing,3188,Blouse
Clothing,3189,Blouse
Footwear,3190,Boots
Clothing,3191,Jeans
Clothing,3192,Hoodie
Clothing,3193,Sweater
Accessories,3194,Gloves
Footwear,3195,Sneakers
Accessories,3196,Sunglasses
Accessories,3197,Belt
Clothing,3198,Sweater
Accessories,3199,Gloves
Accessories,3200,Handbag
Clothing,3201,Socks
Clothing,3202,Pants
Accessories,3203,Scarf
Outerwear,3204,Coat
Outerwear,3205,Jacket
Clothing,3206,Hoodie
Footwear,3207,Boots
Clothing,3208,Socks
Accessories,3209,Jewelry
Footwear,3210,Shoes
Clothing,3211,Socks
Clothing,3212,Pants
Footwear,3213,Sneakers
Accessories,3214,Sunglasses
Clothing,3215,Skirt
Outerwear,3216,Coat
Clothing,3217,Hoodie
Accessories,3218,Sunglasses
Clothing,3219,Skirt
Outerwear,3220,Coat
Accessories,3221,Handbag
Clothing,3222,T-shirt
Accessories,3223,Sunglasses
Clothing,3224,Shirt
Clothing,3225,Hoodie
Clothing,3226,Blouse
Footwear,3227,Sneakers
Accessories,3228,Scarf
Accessories,3229,Jewelry
Clothing,3230,Pants
Footwear,3231,Sneakers
Footwear,3232,Shoes
Clothing,3233,T-shirt
Accessories,3234,Belt
Accessories,3235,Jewelry
Accessories,3236,Belt
Accessories,3237,Belt
Clothing,3238,T-shirt
Footwear,3239,Sneakers
Accessories,3240,Sunglasses
Footwear,3241,Sandals
Accessories,3242,Handbag
Clothing,3243,Socks
Clothing,3244,Hoodie
Clothing,3245,Sweater
Clothing,3246,Pants
Footwear,3247,Sneakers
Accessories,3248,Gloves
Clothing,3249,T-shirt
Accessories,3250,Backpack
Outerwear,3251,Coat
Outerwear,3252,Coat
Footwear,3253,Sandals
Accessories,3254,Backpack
Clothing,3255,Sweater
Clothing,3256,Shorts
Accessories,3257,Sunglasses
Clothing,3258,Shirt
Footwear,3259,Shoes
Accessories,3260,Hat
Accessories,3261,Scarf
Accessories,3262,Belt
Clothing,3263,T-shirt
Clothing,3264,Shorts
Clothing,3265,Pants
Accessories,3266,Sunglasses
Outerwear,3267,Coat
Clothing,3268,Hoodie
Clothing,3269,Dress
Clothing,3270,Blouse
Clothing,3271,Socks
Clothing,3272,Socks
Footwear,3273,Shoes
Accessories,3274,Belt
Clothing,3275,Sweater
Clothing,3276,Pants
Accessories,3277,Scarf
Clothing,3278,Skirt
Clothing,3279,Dress
Accessories,3280,Hat
Accessories,3281,Handbag
Clothing,3282,Pants
Clothing,3283,T-shirt
Outerwear,3284,Jacket
Accessories,3285,Scarf
Accessories,3286,Hat
Outerwear,3287,Jacket
Clothing,3288,Skirt
Accessories,3289,Handbag
Accessories,3290,Backpack
Outerwear,3291,Coat
Accessories,3292,Belt
Accessories,3293,Handbag
Outerwear,3294,Coat
Clothing,3295,Sweater
Clothing,3296,Blouse
Clothing,3297,Blouse
Accessories,3298,Belt
Outerwear,3299,Jacket
Clothing,3300,Shorts
Accessories,3301,Hat
Clothing,3302,Pants
Clothing,3303,Blouse
Accessories,3304,Belt
Accessories,3305,Handbag
Clothing,3306,Hoodie
Outerwear,3307,Jacket
Accessories,3308,Scarf
Clothing,3309,Jeans
Accessories,3310,Handbag
Outerwear,3311,Jacket
Accessories,3312,Hat
Footwear,3313,Sneakers
Accessories,3314,Hat
Clothing,3315,Socks
Accessories,3316,Scarf
Clothing,3317,Socks
Accessories,3318,Hat
Outerwear,3319,Jacket
Clothing,3320,Shorts
Clothing,3321,Blouse
Outerwear,3322,Coat
Clothing,3323,Sweater
Accessories,3324,Handbag
Clothing,3325,T-shirt
Footwear,3326,Sandals
Accessories,3327,Gloves
Clothing,3328,Shorts
Footwear,3329,Sandals
Accessories,3330,Backpack
Footwear,3331,Sneakers
Accessories,3332,Sunglasses
Clothing,3333,T-shirt
Clothing,3334,Jeans
Clothing,3335,Shirt
Accessories,3336,Hat
Clothing,3337,Blouse
Outerwear,3338,Jacket
Clothing,3339,Skirt
Accessories,3340,Gloves
Clothing,3341,T-shirt
Outerwear,3342,Jacket
Outerwear,3343,Jacket
Clothing,3344,Shorts
Accessories,3345,Hat
Accessories,3346,Handbag
Clothing,3347,Jeans
Footwear,3348,Shoes
Clothing,3349,T-shirt
Accessories,3350,Jewelry
Accessories,3351,Handbag
Clothing,3352,Shirt
Accessories,3353,Belt
Clothing,3354,Dress
Clothing,3355,Skirt
Clothing,3356,Blouse
Clothing,3357,Jeans
Clothing,3358,Hoodie
Clothing,3359,T-shirt
Accessories,3360,Sunglasses
Outerwear,3361,Jacket
Footwear,3362,Shoes
Accessories,3363,Handbag
Clothing,3364,Sweater
Accessories,3365,Scarf
Clothing,3366,Skirt
Accessories,3367,Gloves
Clothing,3368,T-shirt
Footwear,3369,Sandals
Clothing,3370,Sweater
Accessories,3371,Belt
Clothing,3372,Hoodie
Clothing,3373,Socks
Footwear,3374,Sandals
Clothing,3375,Blouse
Footwear,3376,Boots
Accessories,3377,Hat
Clothing,3378,Shirt
Clothing,3379,Shorts
Accessories,3380,Handbag
Clothing,3381,Dress
Accessories,3382,Hat
Clothing,3383,Sweater
Outerwear,3384,Coat
Clothing,3385,Hoodie
Accessories,3386,Jewelry
Clothing,3387,T-shirt
Clothing,3388,Pants
Clothing,3389,Sweater
Clothing,3390,Pants
Clothing,3391,Socks
Clothing,3392,Hoodie
Accessories,3393,Scarf
Clothing,3394,Dress
Footwear,3395,Sandals
Clothing,3396,Dress
Clothing,3397,Pants
Clothing,3398,Blouse
Clothing,3399,Jeans
Clothing,3400,Pants
Accessories,3401,Sunglasses
Accessories,3402,Backpack
Clothing,3403,Hoodie
Footwear,3404,Boots
Accessories,3405,Gloves
Clothing,3406,Blouse
Clothing,3407,Sweater
Clothing,3408,Dress
Clothing,3409,Socks
Clothing,3410,Shirt
Footwear,3411,Sandals
Footwear,3412,Shoes
Footwear,3413,Sandals
Accessories,3414,Gloves
Footwear,3415,Boots
Clothing,3416,Blouse
Footwear,3417,Sandals
Outerwear,3418,Coat
Outerwear,3419,Jacket
Accessories,3420,Jewelry
Accessories,3421,Hat
Footwear,3422,Shoes
Outerwear,3423,Coat
Footwear,3424,Boots
Accessories,3425,Scarf
Accessories,3426,Hat
Clothing,3427,Socks
Clothing,3428,T-shirt
Accessories,3429,Jewelry
Clothing,3430,Skirt
Clothing,3431,Socks
Accessories,3432,Belt
Footwear,3433,Boots
Clothing,3434,Socks
Clothing,3435,Pants
Clothing,3436,Socks
Accessories,3437,Belt
Outerwear,3438,Jacket
Clothing,3439,Shirt
Accessories,3440,Gloves
Accessories,3441,Handbag
Clothing,3442,Sweater
Clothing,3443,Skirt
Clothing,3444,Dress
Clothing,3445,Pants
Accessories,3446,Hat
Footwear,3447,Boots
Footwear,3448,Sandals
Outerwear,3449,Coat
Clothing,3450,Blouse
Clothing,3451,Shorts
Clothing,3452,Blouse
Outerwear,3453,Jacket
Clothing,3454,Shirt
Accessories,3455,Handbag
Clothing,3456,T-shirt
Clothing,3457,Hoodie
Accessories,3458,Jewelry
Accessories,3459,Jewelry
Clothing,3460,Hoodie
Accessories,3461,Scarf
Footwear,3462,Shoes
Clothing,3463,Jeans
Accessories,3464,Jewelry
Outerwear,3465,Coat
Accessories,3466,Backpack
Clothing,3467,Socks
Accessories,3468,Scarf
Accessories,3469,Sunglasses
Clothing,3470,Socks
Outerwear,3471,Coat
Footwear,3472,Sandals
Clothing,3473,Blouse
Clothing,3474,Dress
Clothing,3475,Pants
Footwear,3476,Sneakers
Footwear,3477,Boots
Accessories,3478,Handbag
Accessories,3479,Handbag
Clothing,3480,Sweater
Footwear,3481,Sandals
Clothing,3482,Socks
Accessories,3483,Gloves
Clothing,3484,Hoodie
Clothing,3485,Dress
Clothing,3486,Shirt
Clothing,3487,Shorts
Footwear,3488,Sandals
Clothing,3489,Sweater
Clothing,3490,Dress
Footwear,3491,Boots
Clothing,3492,Pants
Accessories,3493,Gloves
Clothing,3494,Pants
Accessories,3495,Scarf
Clothing,3496,Shorts
Footwear,3497,Shoes
Accessories,3498,Handbag
Footwear,3499,Sandals
Clothing,3500,Socks
Clothing,3501,Shirt
Footwear,3502,Shoes
Accessories,3503,Backpack
Clothing,3504,Shirt
Accessories,3505,Handbag
Accessories,3506,Jewelry
Clothing,3507,Shirt
Accessories,3508,Handbag
Clothing,3509,Pants
Clothing,3510,T-shirt
Footwear,3511,Sneakers
Accessories,3512,Jewelry
Clothing,3513,Shirt
Clothing,3514,Blouse
Footwear,3515,Sneakers
Clothing,3516,Dress
Footwear,3517,Boots
Clothing,3518,Skirt
Clothing,3519,Shirt
Clothing,3520,Shorts
Accessories,3521,Hat
Footwear,3522,Shoes
Clothing,3523,Pants
Accessories,3524,Backpack
Clothing,3525,Pants
Accessories,3526,Sunglasses
Clothing,3527,Sweater
Clothing,3528,Blouse
Accessories,3529,Scarf
Clothing,3530,T-shirt
Accessories,3531,Sunglasses
Footwear,3532,Shoes
Clothing,3533,Pants
Footwear,3534,Sneakers
Footwear,3535,Shoes
Clothing,3536,Shorts
Accessories,3537,Handbag
Accessories,3538,Handbag
Footwear,3539,Shoes
Accessories,3540,Jewelry
Clothing,3541,Shorts
Clothing,3542,Blouse
Outerwear,3543,Coat
Accessories,3544,Hat
Clothing,3545,Socks
Footwear,3546,Sandals
Accessories,3547,Scarf
Accessories,3548,Scarf
Clothing,3549,Blouse
Clothing,3550,T-shirt
Footwear,3551,Shoes
Accessories,3552,Gloves
Accessories,3553,Sunglasses
Footwear,3554,Shoes
Clothing,3555,Dress
Clothing,3556,Blouse
Clothing,3557,Sweater
Outerwear,3558,Jacket
Accessories,3559,Backpack
Clothing,3560,Shorts
Clothing,3561,Socks
Footwear,3562,Sneakers
Footwear,3563,Sneakers
Clothing,3564,Blouse
Accessories,3565,Gloves
Accessories,3566,Handbag
Clothing,3567,Jeans
Accessories,3568,Scarf
Footwear,3569,Sandals
Footwear,3570,Sandals
Clothing,3571,Dress
Clothing,3572,Skirt
Clothing,3573,Shorts
Clothing,3574,Jeans
Clothing,3575,Socks
Outerwear,3576,Coat
Footwear,3577,Boots
Accessories,3578,Belt
Footwear,3579,Shoes
Accessories,3580,Scarf
Clothing,3581,Blouse
Clothing,3582,Dress
Clothing,3583,Shorts
Clothing,3584,Blouse
Footwear,3585,Sneakers
Accessories,3586,Gloves
Clothing,3587,Hoodie
Clothing,3588,Sweater
Accessories,3589,Sunglasses
Accessories,3590,Belt
Clothing,3591,Dress
Outerwear,3592,Jacket
Footwear,3593,Boots
Footwear,3594,Sandals
Accessories,3595,Scarf
Clothing,3596,Blouse
Clothing,3597,Hoodie
Accessories,3598,Sunglasses
Clothing,3599,Hoodie
Accessories,3600,Scarf
Clothing,3601,Dress
Clothing,3602,T-shirt
Clothing,3603,Skirt
Clothing,3604,Jeans
Clothing,3605,Hoodie
Clothing,3606,Jeans
Footwear,3607,Sandals
Accessories,3608,Hat
Accessories,3609,Gloves
Clothing,3610,Socks
Outerwear,3611,Jacket
Clothing,3612,T-shirt
Footwear,3613,Sandals
Accessories,3614,Hat
Accessories,3615,Gloves
Clothing,3616,Dress
Clothing,3617,Hoodie
Accessories,3618,Belt
Accessories,3619,Gloves
Accessories,3620,Scarf
Footwear,3621,Sandals
Footwear,3622,Sneakers
Clothing,3623,Dress
Accessories,3624,Jewelry
Accessories,3625,Hat
Accessories,3626,Scarf
Clothing,3627,Blouse
Accessories,3628,Belt
Clothing,3629,Blouse
Clothing,3630,T-shirt
Accessories,3631,Hat
Accessories,3632,Hat
Footwear,3633,Sneakers
Accessories,3634,Gloves
Clothing,3635,Socks
Footwear,3636,Sandals
Footwear,3637,Sandals
Footwear,3638,Boots
Accessories,3639,Backpack
Outerwear,3640,Coat
Accessories,3641,Sunglasses
Outerwear,3642,Jacket
Clothing,3643,Dress
Accessories,3644,Scarf
Clothing,3645,Blouse
Accessories,3646,Backpack
Accessories,3647,Jewelry
Clothing,3648,Shorts
Clothing,3649,Skirt
Clothing,3650,Skirt
Clothing,3651,Jeans
Accessories,3652,Handbag
Accessories,3653,Handbag
Outerwear,3654,Coat
Accessories,3655,Jewelry
Clothing,3656,Sweater
Outerwear,3657,Jacket
Footwear,3658,Shoes
Clothing,3659,T-shirt
Footwear,3660,Sandals
Footwear,3661,Shoes
Footwear,3662,Sandals
Clothing,3663,Shorts
Accessories,3664,Backpack
Outerwear,3665,Jacket
Clothing,3666,Socks
Accessories,3667,Jewelry
Clothing,3668,Pants
Clothing,3669,Blouse
Clothing,3670,Socks
Footwear,3671,Shoes
Accessories,3672,Handbag
Footwear,3673,Sandals
Clothing,3674,Socks
Accessories,3675,Handbag
Accessories,3676,Hat
Accessories,3677,Jewelry
Accessories,3678,Backpack
Clothing,3679,Shirt
Outerwear,3680,Coat
Accessories,3681,Sunglasses
Accessories,3682,Gloves
Clothing,3683,Shirt
Clothing,3684,Socks
Clothing,3685,Skirt
Clothing,3686,Shorts
Footwear,3687,Sandals
Clothing,3688,Shirt
Accessories,3689,Sunglasses
Accessories,3690,Jewelry
Clothing,3691,Blouse
Footwear,3692,Sandals
Outerwear,3693,Coat
Clothing,3694,Blouse
Clothing,3695,Sweater
Clothing,3696,Skirt
Clothing,3697,Blouse
Clothing,3698,Hoodie
Clothing,3699,Skirt
Accessories,3700,Backpack
Accessories,3701,Handbag
Footwear,3702,Sandals
Footwear,3703,Shoes
Footwear,3704,Sandals
Accessories,3705,Sunglasses
Clothing,3706,Skirt
Footwear,3707,Sandals
Accessories,3708,Gloves
Clothing,3709,Hoodie
Clothing,3710,Socks
Accessories,3711,Jewelry
Accessories,3712,Hat
Clothing,3713,Blouse
Footwear,3714,Shoes
Accessories,3715,Hat
Accessories,3716,Sunglasses
Clothing,3717,Shirt
Clothing,3718,T-shirt
Clothing,3719,Pants
Clothing,3720,Pants
Accessories,3721,Hat
Outerwear,3722,Coat
Outerwear,3723,Jacket
Footwear,3724,Sandals
Accessories,3725,Gloves
Clothing,3726,Dress
Accessories,3727,Belt
Clothing,3728,Socks
Outerwear,3729,Jacket
Footwear,3730,Boots
Clothing,3731,Shirt
Accessories,3732,Hat
Footwear,3733,Shoes
Clothing,3734,Socks
Clothing,3735,Hoodie
Footwear,3736,Sandals
Clothing,3737,Jeans
Accessories,3738,Jewelry
Clothing,3739,Shorts
Accessories,3740,Sunglasses
Clothing,3741,Pants
Clothing,3742,Shirt
Clothing,3743,Shirt
Clothing,3744,Pants
Clothing,3745,Hoodie
Clothing,3746,Socks
Outerwear,3747,Coat
Clothing,3748,Sweater
Accessories,3749,Backpack
Clothing,3750,Blouse
Clothing,3751,Hoodie
Accessories,3752,Jewelry
Outerwear,3753,Coat
Accessories,3754,Sunglasses
Footwear,3755,Shoes
Clothing,3756,Skirt
Clothing,3757,Skirt
Clothing,3758,Skirt
Footwear,3759,Sandals
Footwear,3760,Sneakers
Clothing,3761,Socks
Accessories,3762,Backpack
Clothing,3763,Shorts
Clothing,3764,Shirt
Clothing,3765,Socks
Accessories,3766,Jewelry
Accessories,3767,Handbag
Clothing,3768,Shorts
Clothing,3769,Sweater
Accessories,3770,Gloves
Clothing,3771,Pants
Clothing,3772,T-shirt
Clothing,3773,Pants
Clothing,3774,Sweater
Accessories,3775,Gloves
Accessories,3776,Belt
Footwear,3777,Sneakers
Clothing,3778,Shorts
Footwear,3779,Sneakers
Clothing,3780,Jeans
Footwear,3781,Sneakers
Footwear,3782,Boots
Outerwear,3783,Jacket
Accessories,3784,Gloves
Clothing,3785,Socks
Clothing,3786,Jeans
Footwear,3787,Boots
Clothing,3788,Blouse
Accessories,3789,Hat
Clothing,3790,Shirt
Accessories,3791,Handbag
Accessories,3792,Sunglasses
Accessories,3793,Scarf
Accessories,3794,Sunglasses
Accessories,3795,Scarf
Accessories,3796,Gloves
Clothing,3797,Shorts
Accessories,3798,Sunglasses
Accessories,3799,Jewelry
Outerwear,3800,Jacket
Clothing,3801,Sweater
Clothing,3802,Blouse
Accessories,3803,Scarf
Accessories,3804,Handbag
Accessories,3805,Hat
Accessories,3806,Scarf
Footwear,3807,Boots
Clothing,3808,Blouse
Clothing,3809,Socks
Footwear,3810,Shoes
Clothing,3811,Skirt
Accessories,3812,Belt
Clothing,3813,Skirt
Clothing,3814,Pants
Clothing,3815,Dress
Accessories,3816,Hat
Outerwear,3817,Coat
Accessories,3818,Scarf
Footwear,3819,Sneakers
Clothing,3820,Pants
Accessories,3821,Belt
Footwear,3822,Sneakers
Accessories,3823,Hat
Clothing,3824,Shirt
Clothing,3825,Shorts
Clothing,3826,Shorts
Outerwear,3827,Jacket
Accessories,3828,Jewelry
Clothing,3829,Blouse
Clothing,3830,Pants
Accessories,3831,Hat
Accessories,3832,Backpack
Footwear,3833,Boots
Outerwear,3834,Jacket
Clothing,3835,Hoodie
Footwear,3836,Sandals
Clothing,3837,Skirt
Clothing,3838,Hoodie
Clothing,3839,Dress
Footwear,3840,Sandals
Clothing,3841,Jeans
Clothing,3842,Jeans
Outerwear,3843,Jacket
Accessories,3844,Hat
Clothing,3845,Shorts
Clothing,3846,Sweater
Clothing,3847,Blouse
Clothing,3848,Sweater
Accessories,3849,Jewelry
Clothing,3850,Hoodie
Accessories,3851,Jewelry
Accessories,3852,Scarf
Accessories,3853,Hat
Accessories,3854,Sunglasses
Clothing,3855,T-shirt
Clothing,3856,Shirt
Footwear,3857,Sandals
Accessories,3858,Hat
Clothing,3859,T-shirt
Clothing,3860,Shorts
Accessories,3861,Sunglasses
Outerwear,3862,Jacket
Clothing,3863,Shirt
Accessories,3864,Scarf
Clothing,3865,T-shirt
Clothing,3866,Shorts
Accessories,3867,Hat
Outerwear,3868,Jacket
Clothing,3869,Dress
Outerwear,3870,Coat
Footwear,3871,Sandals
Clothing,3872,T-shirt
Outerwear,3873,Jacket
Footwear,3874,Sandals
Clothing,3875,Sweater
Accessories,3876,Hat
Footwear,3877,Shoes
Clothing,3878,Hoodie
Accessories,3879,Hat
Clothing,3880,Skirt
Clothing,3881,Shirt
Accessories,3882,Scarf
Clothing,3883,Pants
Accessories,3884,Hat
Footwear,3885,Sandals
Clothing,3886,Socks
Accessories,3887,Jewelry
Clothing,3888,Shirt
Footwear,3889,Sneakers
Clothing,3890,Dress
Clothing,3891,Shirt
Clothing,3892,Dress
Accessories,3893,Jewelry
Accessories,3894,Hat
Clothing,3895,Skirt
Clothing,3896,Hoodie
Accessories,3897,Backpack
Accessories,3898,Belt
Footwear,3899,Shoes
Accessories,3900,Handbag
