Customer ID,Size,Color
1,L,Gray
2,L,Maroon
3,S,Maroon
4,M,Maroon
5,M,Turquoise
6,M,White
7,M,Gray
8,L,Charcoal
9,L,Silver
10,M,Pink
11,L,Purple
12,S,Olive
13,M,Gold
14,M,Violet
15,L,Teal
16,M,Teal
17,S,Gray
18,XL,Lavender
19,S,Black
20,M,Green
21,M,Black
22,M,Charcoal
23,M,Peach
24,XL,White
25,M,Green
26,M,Silver
27,M,Red
28,L,Cyan
29,M,Gray
30,S,Black
31,L,Black
32,L,Brown
33,M,Silver
34,L,Green
35,L,Violet
36,M,Cyan
37,M,Maroon
38,S,Cyan
39,M,Red
40,S,Turquoise
41,L,Beige
42,M,Orange
43,M,Beige
44,L,Lavender
45,S,Silver
46,XL,Indigo
47,L,White
48,M,Charcoal
49,M,Orange
50,S,Indigo
51,M,Red
52,XL,Gray
53,M,Green
54,S,Peach
55,M,Brown
56,M,Lavender
57,XL,Brown
58,M,White
59,M,Charcoal
60,L,Yellow
61,L,Brown
62,M,Orange
63,S,Magenta
64,L,Lavender
65,S,Green
66,M,Purple
67,S,Magenta
68,L,Gray
69,L,Silver
70,S,Cyan
71,M,Magenta
72,L,Gold
73,M,Olive
74,M,Teal
75,L,Violet
76,M,Blue
77,S,Teal
78,L,Gold
79,M,Maroon
80,M,Olive
81,XL,Blue
82,L,Maroon
83,S,Olive
84,M,Turquoise
85,S,Peach
86,M,Charcoal
87,L,Pink
88,M,Green
89,M,Orange
90,XL,Pink
91,L,Violet
92,S,Green
93,M,Olive
94,M,Purple
95,S,Silver
96,L,Pink
97,S,Gold
98,M,Teal
99,XL,Teal
100,XL,Indigo
101,M,Maroon
102,XL,White
103,L,Violet
104,L,Red
105,L,Pink
106,M,Charcoal
107,L,White
108,L,Olive
109,L,Purple
110,M,Violet
111,M,Black
112,L,Purple
113,M,Red
114,L,Maroon
115,S,Blue
116,M,Gray
117,S,Blue
118,L,Yellow
119,L,Orange
120,M,Orange
121,L,Red
122,M,Olive
123,L,Brown
124,L,Brown
125,M,Gray
126,M,Indigo
127,L,Pink
128,M,Gray
129,M,Gold
130,XL,Olive
131,L,Violet
132,L,Indigo
133,M,Orange
134,M,Violet
135,L,Gray
136,M,Purple
137,M,White
138,M,Turquoise
139,M,Maroon
140,M,White
141,L,Yellow
142,M,Turquoise
143,L,Violet
144,M,Beige
145,M,Silver
146,M,Teal
147,S,Black
148,M,Purple
149,M,Gray
150,M,White
151,L,Cyan
152,L,Turquoise
153,S,Brown
154,M,Maroon
155,M,Charcoal
156,S,Olive
157,M,Lavender
158,S,Yellow
159,XL,Teal
160,M,Charcoal
161,M,Orange
162,M,Olive
163,M,Turquoise
164,M,Purple
165,S,Purple
166,S,Yellow
167,XL,Indigo
168,M,Green
169,M,Magenta
170,S,Gold
171,M,Maroon
172,M,Blue
173,M,Violet
174,M,Turquoise
175,L,Brown
176,L,Violet
177,L,Black
178,L,Magenta
179,L,Lavender
180,M,Violet
181,L,Green
182,M,Beige
183,XL,Purple
184,XL,Beige
185,L,Cyan
186,XL,Silver
187,S,Lavender
188,S,Purple
189,M,Pink
190,M,Maroon
191,XL,Beige
192,M,Gray
193,L,Turquoise
194,S,Silver
195,M,Olive
196,M,Magenta
197,M,Lavender
198,M,Black
199,M,Turquoise
200,XL,Green
201,S,Teal
202,S,Beige
203,L,Magenta
204,S,Yellow
205,M,Yellow
206,M,Silver
207,L,Silver
208,M,Silver
209,M,Gold
210,S,Olive
211,L,Teal
212,L,Maroon
213,L,Blue
214,L,Peach
215,L,Blue
216,S,Orange
217,L,Yellow
218,M,Purple
219,S,Magenta
220,M,Cyan
221,S,Indigo
222,XL,Magenta
223,XL,Gray
224,M,Turquoise
225,S,Beige
226,M,Olive
227,L,Violet
228,M,Turquoise
229,M,White
230,S,Silver
231,L,Olive
232,M,Blue
233,L,Purple
234,XL,Yellow
235,S,Silver
236,M,Cyan
237,L,Green
238,M,Beige
239,M,Peach
240,L,Yellow
241,XL,Turquoise
242,M,Peach
243,L,Gray
244,M,Olive
245,S,Indigo
246,L,Charcoal
247,XL,Beige
248,XL,Brown
249,M,Blue
250,S,Teal
251,L,Black
252,XL,Gold
253,M,Violet
254,L,Cyan
255,M,White
256,M,Charcoal
257,XL,Violet
258,M,Red
259,S,Lavender
260,M,Gold
261,S,Red
262,L,Magenta
263,M,Teal
264,M,Purple
265,S,Charcoal
266,M,Gray
267,L,White
268,M,Olive
269,M,Charcoal
270,M,Charcoal
271,XL,Orange
272,XL,Yellow
273,M,Beige
274,S,Silver
275,M,Indigo
276,XL,Lavender
277,XL,Turquoise
278,M,Green
279,M,Orange
280,L,Turquoise
281,S,Cyan
282,XL,Charcoal
283,M,Teal
284,S,Maroon
285,M,Red
286,XL,Yellow
287,L,Gray
288,L,Blue
289,M,Lavender
290,M,Yellow
291,M,Indigo
292,XL,Violet
293,M,Green
294,M,White
295,M,Gold
296,M,Indigo
297,S,Lavender
298,XL,Purple
299,M,Lavender
300,M,Maroon
301,M,Teal
302,M,Green
303,L,Olive
304,M,Turquoise
305,M,Green
306,M,Teal
307,S,White
308,M,Orange
309,M,Beige
310,M,Yellow
311,M,Charcoal
312,L,Silver
313,L,Green
314,M,Pink
315,M,Purple
316,XL,Orange
317,M,Charcoal
318,L,Teal
319,M,Beige
320,XL,White
321,L,White
322,L,Orange
323,S,Cyan
324,M,Orange
325,M,Olive
326,M,Charcoal
327,M,White
328,M,Teal
329,M,Yellow
330,S,White
331,M,Beige
332,L,Beige
333,M,Maroon
334,M,Teal
335,M,Lavender
336,L,Maroon
337,S,Orange
338,M,Cyan
339,M,Silver
340,M,Teal
341,L,Blue
342,S,Blue
343,M,Olive
344,M,Purple
345,M,Charcoal
346,S,Olive
347,L,Violet
348,L,Red
349,M,Beige
350,M,Green
351,M,Violet
352,M,Teal
353,XL,Yellow
354,L,Yellow
355,S,Olive
356,XL,Magenta
357,L,Black
358,M,Olive
359,XL,Magenta
360,M,Olive
361,M,Teal
362,M,White
363,M,Charcoal
364,L,Yellow
365,L,Charcoal
366,XL,Gray
367,M,Turquoise
368,XL,Cyan
369,M,Charcoal
370,M,Silver
371,M,Olive
372,S,Pink
373,L,Orange
374,L,White
375,S,Purple
376,M,Olive
377,S,Gray
378,M,Silver
379,L,Orange
380,S,Magenta
381,XL,Beige
382,L,Lavender
383,M,Peach
384,S,Magenta
385,M,Beige
386,S,Yellow
387,L,Brown
388,L,Silver
389,M,Orange
390,L,Purple
391,M,Indigo
392,L,Gray
393,XL,Black
394,L,Maroon
395,M,Beige
396,L,Brown
397,S,Black
398,M,Indigo
399,S,Silver
400,L,Blue
401,M,Green
402,L,Orange
403,L,Cyan
404,M,Orange
405,M,Indigo
406,S,Silver
407,M,Peach
408,XL,Teal
409,L,White
410,M,Brown
411,L,Lavender
412,M,Indigo
413,M,Yellow
414,S,White
415,L,Violet
416,M,Lavender
417,L,Olive
418,L,Beige
419,L,Purple
420,S,Teal
421,S,Peach
422,M,Violet
423,M,Purple
424,L,Teal
425,M,Gold
426,S,Teal
427,M,Violet
428,L,Black
429,XL,Gold
430,M,Gold
431,M,Brown
432,L,Cyan
433,S,Indigo
434,M,Orange
435,L,Pink
436,XL,Olive
437,L,Cyan
438,M,Peach
439,M,Turquoise
440,M,Turquoise
441,XL,Maroon
442,M,Maroon
443,M,Olive
444,M,Magenta
445,M,Red
446,M,Olive
447,M,Silver
448,S,Turquoise
449,M,Yellow
450,L,Peach
451,L,Beige
452,M,Pink
453,M,Violet
454,XL,Peach
455,S,Gold
456,XL,Gold
457,S,Indigo
458,M,Blue
459,L,Black
460,L,Black
461,L,Teal
462,M,Yellow
463,M,White
464,S,Orange
465,M,Silver
466,M,Pink
467,L,Turquoise
468,S,Orange
469,S,Peach
470,L,Pink
471,L,Teal
472,XL,White
473,L,Gray
474,L,Olive
475,XL,Maroon
476,L,Magenta
477,M,Magenta
478,M,Green
479,XL,Turquoise
480,L,Yellow
481,M,Gray
482,L,Peach
483,M,Yellow
484,M,White
485,L,Lavender
486,S,Blue
487,M,Charcoal
488,L,Red
489,L,Olive
490,M,Green
491,M,Silver
492,M,Silver
493,M,Black
494,XL,Red
495,M,Indigo
496,XL,Cyan
497,S,Maroon
498,S,Silver
499,M,Lavender
500,L,Silver
501,L,Purple
502,M,Cyan
503,S,Cyan
504,M,Lavender
505,M,Maroon
506,L,Gray
507,M,Olive
508,M,Magenta
509,S,Yellow
510,L,Cyan
511,M,Teal
512,L,Yellow
513,L,Peach
514,M,Peach
515,S,Olive
516,L,Charcoal
517,L,Indigo
518,L,Silver
519,M,Beige
520,L,Blue
521,M,White
522,L,Gold
523,M,Blue
524,M,Orange
525,M,Gold
526,M,Cyan
527,S,Red
528,L,Yellow
529,S,Beige
530,M,Orange
531,XL,Magenta
532,L,Purple
533,L,Black
534,L,Pink
535,L,Pink
536,L,Maroon
537,S,Maroon
538,S,Turquoise
539,XL,Green
540,M,Violet
541,M,Lavender
542,L,Gray
543,XL,Teal
544,S,Red
545,S,Yellow
546,L,Magenta
547,M,Brown
548,M,Blue
549,M,Black
550,S,Olive
551,M,Olive
552,XL,Green
553,M,Peach
554,M,White
555,M,Red
556,M,White
557,L,Indigo
558,M,White
559,L,Teal
560,M,Indigo
561,L,Red
562,M,Blue
563,M,Blue
564,M,Black
565,M,Olive
566,L,Lavender
567,M,Indigo
568,S,Red
569,L,Red
570,M,Pink
571,XL,Purple
572,XL,Cyan
573,XL,Cyan
574,M,Charcoal
575,L,Red
576,M,Peach
577,M,Black
578,M,Black
579,M,Purple
580,M,Violet
581,M,Orange
582,XL,Charcoal
583,L,Turquoise
584,L,Yellow
585,M,White
586,M,Gray
587,S,Blue
588,S,Maroon
589,M,Violet
590,M,Orange
591,S,Turquoise
592,L,Olive
593,M,Brown
594,S,Green
595,S,Brown
596,M,Silver
597,XL,White
598,L,Gold
599,L,Green
600,L,Teal
601,M,Charcoal
602,M,Maroon
603,L,Lavender
604,L,Green
605,S,Pink
606,XL,Charcoal
607,M,Blue
608,L,Purple
609,S,Gold
610,L,Purple
611,M,Charcoal
612,M,Black
613,L,Lavender
614,L,Lavender
615,M,Lavender
616,L,Olive
617,L,Teal
618,M,Maroon
619,L,Cyan
620,M,Charcoal
621,M,Black
622,S,Red
623,S,Peach
624,M,White
625,XL,Pink
626,M,Red
627,M,Indigo
628,L,Black
629,M,White
630,L,Beige
631,S,Silver
632,S,Violet
633,M,Red
634,M,Orange
635,M,Teal
636,M,Brown
637,M,Indigo
638,M,Cyan
639,S,Blue
640,L,Olive
641,M,Gray
642,M,Red
643,L,Red
644,XL,Green
645,S,Blue
646,S,Purple
647,XL,Pink
648,XL,Charcoal
649,M,Brown
650,L,Orange
651,M,Magenta
652,L,Yellow
653,M,Beige
654,M,Olive
655,L,Gray
656,S,Purple
657,M,Beige
658,M,White
659,S,White
660,S,Gold
661,M,Olive
662,XL,Green
663,L,Magenta
664,M,Charcoal
665,M,Indigo
666,M,Peach
667,L,Turquoise
668,S,Blue
669,S,Turquoise
670,M,Gray
671,XL,Purple
672,L,Black
673,M,Peach
674,M,Indigo
675,XL,Beige
676,M,Yellow
677,M,Peach
678,S,Turquoise
679,M,Teal
680,M,Turquoise
681,M,Magenta
682,XL,Purple
683,M,Brown
684,S,Violet
685,M,Yellow
686,XL,Magenta
687,L,Beige
688,XL,Turquoise
689,S,Peach
690,M,Orange
691,XL,Red
692,L,Silver
693,M,Cyan
694,L,Turquoise
695,S,Charcoal
696,XL,Peach
697,L,Green
698,XL,Brown
699,M,Yellow
700,M,Charcoal
701,L,Olive
702,L,Red
703,M,White
704,L,Pink
705,S,Black
706,XL,Indigo
707,L,Turquoise
708,L,Purple
709,L,Beige
710,L,Charcoal
711,L,Turquoise
712,M,Maroon
713,XL,Black
714,M,Lavender
715,M,Magenta
716,L,Green
717,M,Olive
718,L,Green
719,M,Peach
720,L,Turquoise
721,L,Orange
722,L,Silver
723,S,Blue
724,L,Cyan
725,XL,Green
726,L,Silver
727,L,Yellow
728,S,Gray
729,M,Pink
730,L,Beige
731,M,Indigo
732,M,Red
733,L,Blue
734,L,Cyan
735,S,Violet
736,M,Orange
737,L,Maroon
738,M,Teal
739,L,Orange
740,S,Purple
741,M,Orange
742,XL,Yellow
743,M,Charcoal
744,L,Gray
745,S,Charcoal
746,L,Orange
747,M,Red
748,L,Gold
749,L,Brown
750,M,Olive
751,L,Violet
752,L,Indigo
753,L,Yellow
754,M,Teal
755,L,Pink
756,M,Violet
757,S,Orange
758,M,Red
759,L,Peach
760,XL,Green
761,XL,Violet
762,L,Yellow
763,M,Pink
764,M,Brown
765,XL,Silver
766,M,Pink
767,M,Cyan
768,M,Brown
769,XL,Red
770,M,Silver
771,M,Gray
772,L,Cyan
773,L,Teal
774,L,Indigo
775,M,Yellow
776,S,Gold
777,M,Maroon
778,XL,Silver
779,M,Yellow
780,M,Blue
781,M,Turquoise
782,L,Indigo
783,M,Green
784,L,Purple
785,M,Peach
786,S,Purple
787,S,Teal
788,S,Green
789,XL,Yellow
790,S,Purple
791,M,Indigo
792,S,Magenta
793,M,Violet
794,L,Maroon
795,XL,Yellow
796,M,Beige
797,XL,Black
798,M,Violet
799,M,Violet
800,L,Brown
801,S,Gold
802,L,Blue
803,M,Teal
804,L,Silver
805,M,Maroon
806,L,White
807,L,Charcoal
808,S,Brown
809,L,Lavender
810,M,Violet
811,S,Lavender
812,M,Green
813,M,Olive
814,S,Olive
815,M,Pink
816,L,Teal
817,L,Cyan
818,S,Gray
819,M,Peach
820,S,Teal
821,M,Turquoise
822,M,Green
823,L,Magenta
824,M,Green
825,M,White
826,XL,Brown
827,M,Purple
828,S,Green
829,M,Peach
830,S,Silver
831,M,Maroon
832,M,Red
833,L,Blue
834,M,Purple
835,M,Indigo
836,L,Indigo
837,L,Violet
838,L,Brown
839,M,Gray
840,L,Teal
841,L,Teal
842,M,Beige
843,M,Violet
844,S,Beige
845,L,Purple
846,XL,Charcoal
847,M,Pink
848,L,Blue
849,M,Lavender
850,S,Charcoal
851,L,Turquoise
852,M,Red
853,L,Yellow
854,L,Orange
855,L,Blue
856,L,Gold
857,M,Gold
858,L,Cyan
859,L,Olive
860,M,Teal
861,M,Maroon
862,XL,Green
863,M,Charcoal
864,M,Cyan
865,S,Charcoal
866,L,Charcoal
867,M,Lavender
868,M,Turquoise
869,M,Green
870,M,Silver
871,M,Blue
872,M,Charcoal
873,M,Pink
874,M,Pink
875,M,Magenta
876,L,Gray
877,L,Gray
878,M,Orange
879,S,Black
880,S,Lavender
881,L,Red
882,M,Silver
883,M,Cyan
884,S,Gold
885,L,Yellow
886,L,Purple
887,S,Brown
888,L,Turquoise
889,S,Gold
890,S,Olive
891,S,Purple
892,S,Lavender
893,L,Gray
894,M,Red
895,L,Purple
896,XL,Olive
897,M,Lavender
898,M,Gray
899,L,Red
900,M,Peach
901,L,Gray
902,L,Violet
903,M,Beige
904,M,Blue
905,L,Magenta
906,S,Cyan
907,M,Red
908,L,Cyan
909,M,Turquoise
910,L,Silver
911,S,Pink
912,M,Black
913,M,Green
914,M,Yellow
915,L,Purple
916,L,Purple
917,S,Blue
918,M,Maroon
919,M,Orange
920,L,Green
921,XL,Gold
922,L,Silver
923,M,Cyan
924,M,Silver
925,XL,Beige
926,L,Teal
927,XL,Green
928,L,Black
929,XL,Yellow
930,M,White
931,L,Green
932,M,Silver
933,L,Blue
934,M,Magenta
935,S,Yellow
936,L,White
937,M,Pink
938,M,Magenta
939,S,Teal
940,L,Indigo
941,S,Maroon
942,L,Black
943,M,Cyan
944,L,Cyan
945,S,Gray
946,M,Violet
947,XL,Blue
948,M,Charcoal
949,L,Olive
950,M,Olive
951,XL,Turquoise
952,M,Cyan
953,S,Red
954,S,Cyan
955,S,Turquoise
956,L,Lavender
957,XL,Cyan
958,XL,Violet
959,XL,Beige
960,M,Cyan
961,XL,Indigo
962,L,Olive
963,L,Green
964,L,Green
965,M,Beige
966,L,Black
967,M,Brown
968,S,Silver
969,L,Gray
970,S,Pink
971,S,Maroon
972,M,Cyan
973,L,Gold
974,M,Teal
975,M,Beige
976,M,Olive
977,M,Gray
978,M,Black
979,M,Turquoise
980,S,Brown
981,S,Magenta
982,M,Silver
983,S,Red
984,L,Indigo
985,M,Green
986,M,Gray
987,S,Peach
988,M,Charcoal
989,M,Orange
990,M,Beige
991,S,Yellow
992,XL,White
993,M,Gray
994,M,Peach
995,L,Violet
996,M,Magenta
997,L,Maroon
998,M,Cyan
999,M,White
1000,L,Brown
1001,M,Red
1002,M,Orange
1003,M,White
1004,M,Green
1005,M,Black
1006,M,Gold
1007,S,Lavender
1008,XL,Turquoise
1009,M,Pink
1010,M,Silver
1011,XL,Gray
1012,L,Indigo
1013,L,Teal
1014,XL,Green
1015,M,Violet
1016,M,Cyan
1017,XL,Blue
1018,L,Orange
1019,XL,Charcoal
1020,S,Beige
1021,M,Black
1022,S,Lavender
1023,M,Lavender
1024,S,Turquoise
1025,M,Purple
1026,M,Olive
1027,L,Turquoise
1028,L,Teal
1029,S,Lavender
1030,M,Purple
1031,L,Blue
1032,M,Teal
1033,M,Lavender
1034,S,Silver
1035,M,Olive
1036,M,Brown
1037,M,Yellow
1038,XL,Brown
1039,XL,Cyan
1040,M,Magenta
1041,S,Magenta
1042,M,Orange
1043,M,Maroon
1044,M,Green
1045,L,Teal
1046,L,Black
1047,M,Magenta
1048,S,Olive
1049,L,Yellow
1050,S,Purple
1051,M,Beige
1052,M,Indigo
1053,XL,Pink
1054,M,Blue
1055,L,Cyan
1056,M,Orange
1057,L,Black
1058,S,Maroon
1059,L,Violet
1060,M,Beige
1061,S,Gray
1062,M,Gray
1063,M,Brown
1064,S,Indigo
1065,M,Violet
1066,XL,Blue
1067,M,Red
1068,S,Peach
1069,M,Olive
1070,XL,White
1071,M,Magenta
1072,M,Beige
1073,L,Gold
1074,XL,Purple
1075,S,White
1076,L,Indigo
1077,L,Charcoal
1078,M,Pink
1079,M,Silver
1080,S,Blue
1081,L,Blue
1082,XL,Brown
1083,XL,Cyan
1084,L,Teal
1085,S,Purple
1086,M,Turquoise
1087,M,Olive
1088,S,White
1089,M,Turquoise
1090,M,Silver
1091,M,Violet
1092,L,Lavender
1093,L,Magenta
1094,S,Indigo
1095,M,Black
1096,S,Peach
1097,S,Beige
1098,M,Black
1099,S,Turquoise
1100,M,Peach
1101,L,Gold
1102,XL,Silver
1103,M,Peach
1104,S,Charcoal
1105,M,Beige
1106,S,Olive
1107,L,Violet
1108,M,Peach
1109,M,Teal
1110,L,Violet
1111,L,Cyan
1112,S,Olive
1113,XL,Pink
1114,M,Purple
1115,L,Violet
1116,S,Peach
1117,M,Charcoal
1118,L,Lavender
1119,M,Purple
1120,M,Indigo
1121,M,Magenta
1122,XL,Peach
1123,S,Charcoal
1124,S,Purple
1125,M,Orange
1126,M,Lavender
1127,L,Beige
1128,XL,Maroon
1129,L,Charcoal
1130,XL,White
1131,M,Lavender
1132,M,Black
1133,S,Teal
1134,XL,Magenta
1135,M,Brown
1136,L,Peach
1137,S,Cyan
1138,XL,Pink
1139,M,Purple
1140,L,Purple
1141,M,White
1142,S,Silver
1143,L,Green
1144,L,Teal
1145,S,Indigo
1146,L,Pink
1147,M,Indigo
1148,XL,Red
1149,M,Violet
1150,L,Cyan
1151,S,Red
1152,M,Gray
1153,M,Gold
1154,M,Pink
1155,L,Cyan
1156,S,Red
1157,M,Gold
1158,M,Charcoal
1159,L,Orange
1160,L,Blue
1161,S,Blue
1162,S,Orange
1163,M,Blue
1164,L,White
1165,M,Green
1166,M,Silver
1167,S,Lavender
1168,XL,Beige
1169,L,Violet
1170,S,Gray
1171,S,Red
1172,M,Lavender
1173,L,Peach
1174,M,Indigo
1175,M,Black
1176,M,Beige
1177,M,Red
1178,M,Black
1179,M,Teal
1180,M,Blue
1181,S,Beige
1182,L,Teal
1183,M,Maroon
1184,M,Yellow
1185,S,Indigo
1186,M,Magenta
1187,M,Beige
1188,L,Maroon
1189,M,Magenta
1190,XL,Teal
1191,M,Orange
1192,L,Charcoal
1193,M,Turquoise
1194,L,Pink
1195,S,Teal
1196,M,White
1197,M,Maroon
1198,L,Violet
1199,M,Brown
1200,M,Indigo
1201,XL,Black
1202,XL,Black
1203,S,Olive
1204,M,Orange
1205,M,Pink
1206,M,Olive
1207,S,Cyan
1208,M,White
1209,S,Red
1210,M,Blue
1211,M,Olive
1212,M,Green
1213,M,Yellow
1214,XL,Black
1215,M,Blue
1216,L,Pink
1217,XL,Lavender
1218,XL,Cyan
1219,M,Cyan
1220,M,Gold
1221,M,Green
1222,M,Red
1223,L,Magenta
1224,L,Red
1225,M,Yellow
1226,S,Turquoise
1227,S,Cyan
1228,L,Yellow
1229,S,Yellow
1230,XL,Maroon
1231,L,Brown
1232,M,Gold
1233,M,Charcoal
1234,L,Beige
1235,M,Indigo
1236,M,Red
1237,M,White
1238,S,Charcoal
1239,M,Violet
1240,XL,Magenta
1241,L,White
1242,XL,Pink
1243,M,Lavender
1244,S,Pink
1245,S,Silver
1246,M,Violet
1247,M,Charcoal
1248,M,Charcoal
1249,XL,Red
1250,M,Peach
1251,XL,Purple
1252,XL,Orange
1253,L,Magenta
1254,XL,Red
1255,XL,Black
1256,M,Peach
1257,S,Olive
1258,L,Gold
1259,XL,Gold
1260,M,Turquoise
1261,XL,Green
1262,L,Maroon
1263,L,Brown
1264,L,Brown
1265,S,Blue
1266,M,Lavender
1267,M,Peach
1268,S,Gray
1269,XL,Charcoal
1270,M,Lavender
1271,M,Green
1272,S,Gray
1273,M,Orange
1274,L,Silver
1275,M,Olive
1276,S,Turquoise
1277,L,Turquoise
1278,L,Green
1279,M,Violet
1280,L,Charcoal
1281,L,White
1282,M,Olive
1283,L,Violet
1284,M,Violet
1285,M,Black
1286,M,Charcoal
1287,L,Yellow
1288,XL,Blue
1289,XL,Charcoal
1290,M,Red
1291,M,Indigo
1292,S,Beige
1293,M,Maroon
1294,XL,Yellow
1295,M,Silver
1296,M,Olive
1297,S,Teal
1298,M,Silver
1299,S,Indigo
1300,L,Teal
1301,M,Charcoal
1302,M,Orange
1303,M,Gold
1304,L,Silver
1305,S,Orange
1306,XL,Peach
1307,L,Brown
1308,L,Black
1309,L,Red
1310,L,Lavender
1311,L,Brown
1312,M,Maroon
1313,M,Violet
1314,M,Lavender
1315,S,Magenta
1316,L,Green
1317,S,Lavender
1318,M,Green
1319,M,Maroon
1320,M,Magenta
1321,XL,Teal
1322,L,Orange
1323,M,Violet
1324,M,Yellow
1325,S,Orange
1326,L,Gold
1327,M,Indigo
1328,M,Turquoise
1329,M,Orange
1330,M,Indigo
1331,M,Charcoal
1332,M,Lavender
1333,S,Gold
1334,M,Lavender
1335,S,White
1336,M,Lavender
1337,M,Charcoal
1338,L,Silver
1339,S,Yellow
1340,L,Olive
1341,M,Peach
1342,XL,Yellow
1343,XL,Yellow
1344,M,Indigo
1345,S,Violet
1346,M,White
1347,L,White
1348,M,Cyan
1349,XL,Purple
1350,XL,Black
1351,M,Orange
1352,L,Maroon
1353,XL,Orange
1354,M,Teal
1355,M,Gray
1356,M,Blue
1357,M,Cyan
1358,S,Red
1359,XL,Pink
1360,S,Cyan
1361,L,Black
1362,M,Beige
1363,M,Gray
1364,L,Red
1365,L,Yellow
1366,M,Magenta
1367,M,Magenta
1368,S,Black
1369,L,Orange
1370,M,Green
1371,L,Peach
1372,M,Charcoal
1373,M,Gray
1374,L,Turquoise
1375,M,Red
1376,L,Brown
1377,L,Pink
1378,L,Olive
1379,XL,Lavender
1380,L,Purple
1381,S,Beige
1382,L,Green
1383,L,Brown
1384,M,Beige
1385,M,Beige
1386,M,Indigo
1387,M,Silver
1388,M,Gold
1389,M,Lavender
1390,L,Orange
1391,M,Maroon
1392,S,White
1393,M,Yellow
1394,L,Yellow
1395,L,Magenta
1396,L,Turquoise
1397,XL,Lavender
1398,S,Magenta
1399,M,Cyan
1400,M,Olive
1401,M,Red
1402,M,Blue
1403,L,White
1404,M,Peach
1405,M,Charcoal
1406,M,Peach
1407,L,Turquoise
1408,XL,Charcoal
1409,M,Yellow
1410,M,Blue
1411,M,Purple
1412,L,Green
1413,M,Charcoal
1414,S,Indigo
1415,M,Black
1416,M,Blue
1417,L,Silver
1418,S,Brown
1419,M,Violet
1420,M,Orange
1421,XL,Gray
1422,S,Gold
1423,L,Charcoal
1424,S,Black
1425,S,Indigo
1426,S,White
1427,M,Yellow
1428,S,Orange
1429,S,Green
1430,L,Gold
1431,S,Orange
1432,M,Cyan
1433,L,Black
1434,L,Yellow
1435,L,Maroon
1436,XL,Black
1437,M,Gray
1438,XL,Orange
1439,M,Cyan
1440,M,Magenta
1441,M,Pink
1442,S,Turquoise
1443,S,Violet
1444,L,Teal
1445,L,Pink
1446,M,Gold
1447,XL,Red
1448,S,Beige
1449,M,Black
1450,L,Lavender
1451,S,Teal
1452,M,Maroon
1453,L,Blue
1454,S,Teal
1455,L,Maroon
1456,L,Silver
1457,S,Olive
1458,S,Gray
1459,M,Peach
1460,L,Yellow
1461,L,Violet
1462,S,Red
1463,S,Charcoal
1464,M,Beige
1465,M,Peach
1466,XL,Violet
1467,M,Green
1468,XL,Olive
1469,S,Silver
1470,M,Purple
1471,M,Silver
1472,S,Gray
1473,L,Turquoise
1474,M,Violet
1475,S,Pink
1476,M,Teal
1477,M,Magenta
1478,XL,Silver
1479,M,Blue
1480,L,Black
1481,M,Gold
1482,S,Gray
1483,S,Magenta
1484,S,Yellow
1485,M,Teal
1486,L,Red
1487,S,Yellow
1488,L,Black
1489,L,Pink
1490,XL,Magenta
1491,L,Olive
1492,S,Black
1493,M,Maroon
1494,S,Gold
1495,M,Gray
1496,M,Brown
1497,M,Purple
1498,S,Magenta
1499,M,Teal
1500,S,Olive
1501,L,Maroon
1502,XL,Silver
1503,M,Black
1504,M,Maroon
1505,M,Teal
1506,M,Teal
1507,L,Beige
1508,S,Maroon
1509,L,Beige
1510,XL,White
1511,XL,Gray
1512,M,Violet
1513,L,Silver
1514,M,Red
1515,L,Brown
1516,S,Turquoise
1517,L,Indigo
1518,M,Violet
1519,M,Yellow
1520,L,Cyan
1521,M,Brown
1522,M,White
1523,L,Yellow
1524,M,White
1525,L,Pink
1526,M,Indigo
1527,L,White
1528,L,Red
1529,S,Red
1530,M,Lavender
1531,M,Teal
1532,S,Violet
1533,S,Silver
1534,M,Gold
1535,M,Green
1536,S,Turquoise
1537,M,Indigo
1538,L,Black
1539,L,Charcoal
1540,M,Turquoise
1541,M,Red
1542,S,Indigo
1543,M,Maroon
1544,M,Indigo
1545,M,Maroon
1546,M,Black
1547,XL,Purple
1548,L,Teal
1549,M,Silver
1550,M,Black
1551,S,Black
1552,M,Olive
1553,L,Purple
1554,M,Indigo
1555,S,Lavender
1556,S,Cyan
1557,M,Gold
1558,L,Magenta
1559,XL,Teal
1560,L,Beige
1561,M,Teal
1562,M,Indigo
1563,M,Purple
1564,M,Teal
1565,XL,Turquoise
1566,L,Peach
1567,S,Green
1568,M,Turquoise
1569,L,Yellow
1570,M,Orange
1571,L,Brown
1572,L,Silver
1573,L,White
1574,L,Indigo
1575,S,Magenta
1576,M,Turquoise
1577,M,White
1578,S,Olive
1579,S,Maroon
1580,M,Violet
1581,L,Cyan
1582,L,Teal
1583,L,Red
1584,XL,Yellow
1585,S,Silver
1586,M,Charcoal
1587,M,Purple
1588,M,Beige
1589,L,Cyan
1590,M,Silver
1591,S,Pink
1592,L,Gold
1593,M,Cyan
1594,M,Black
1595,XL,Charcoal
1596,S,Magenta
1597,S,Pink
1598,XL,Maroon
1599,M,Teal
1600,M,Orange
1601,S,Yellow
1602,XL,Red
1603,S,Charcoal
1604,L,Black
1605,M,White
1606,M,Lavender
1607,S,White
1608,S,Gray
1609,XL,Cyan
1610,S,Brown
1611,L,Purple
1612,L,Yellow
1613,M,Indigo
1614,S,Black
1615,S,Gray
1616,M,Indigo
1617,M,Green
1618,M,Peach
1619,L,Purple
1620,L,Beige
1621,M,Charcoal
1622,L,Gray
1623,S,Brown
1624,M,Cyan
1625,M,White
1626,L,Beige
1627,L,Orange
1628,M,Olive
1629,S,Teal
1630,S,Silver
1631,M,Gold
1632,L,Violet
1633,S,White
1634,M,Peach
1635,S,Orange
1636,L,Violet
1637,L,Green
1638,M,Peach
1639,M,Black
1640,L,Blue
1641,S,Magenta
1642,L,Violet
1643,M,Beige
1644,L,Pink
1645,S,Beige
1646,L,Green
1647,S,Silver
1648,M,Purple
1649,M,Gray
1650,M,White
1651,M,Silver
1652,M,Blue
1653,M,Orange
1654,L,Silver
1655,L,Gray
1656,L,Gold
1657,L,Brown
1658,L,Turquoise
1659,S,Pink
1660,M,Black
1661,L,Yellow
1662,S,Beige
1663,M,Olive
1664,XL,Gold
1665,M,Purple
1666,L,Pink
1667,M,Blue
1668,L,Brown
1669,L,Charcoal
1670,L,Maroon
1671,L,Cyan
1672,M,Olive
1673,L,Gold
1674,M,Violet
1675,M,Peach
1676,M,Beige
1677,M,Cyan
1678,L,Silver
1679,S,Magenta
1680,S,Black
1681,M,Olive
1682,L,Green
1683,M,Yellow
1684,S,Lavender
1685,M,Indigo
1686,M,Pink
1687,L,Red
1688,S,Magenta
1689,S,Peach
1690,L,Turquoise
1691,M,Black
1692,L,Blue
1693,M,Beige
1694,XL,Olive
1695,M,Turquoise
1696,S,Yellow
1697,S,Turquoise
1698,L,Lavender
1699,XL,Turquoise
1700,L,Teal
1701,L,Black
1702,XL,Blue
1703,XL,Yellow
1704,M,Black
1705,M,Lavender
1706,L,Cyan
1707,M,Brown
1708,L,Maroon
1709,L,Cyan
1710,M,Pink
1711,XL,Orange
1712,M,Lavender
1713,S,Beige
1714,M,Pink
1715,S,Charcoal
1716,XL,Gray
1717,M,Cyan
1718,L,Orange
1719,L,Pink
1720,M,White
1721,S,Beige
1722,S,Magenta
1723,L,Violet
1724,XL,Gold
1725,S,Teal
1726,M,Indigo
1727,S,Olive
1728,S,Violet
1729,L,Black
1730,M,Brown
1731,S,Silver
1732,M,Gray
1733,S,Charcoal
1734,L,Black
1735,L,Brown
1736,M,Purple
1737,M,Purple
1738,L,Gray
1739,M,Green
1740,L,Silver
1741,L,Charcoal
1742,XL,Teal
1743,XL,White
1744,XL,Brown
1745,L,Teal
1746,L,Red
1747,L,Brown
1748,M,Yellow
1749,L,Teal
1750,L,Pink
1751,M,White
1752,M,Silver
1753,L,Blue
1754,L,Black
1755,S,Beige
1756,XL,Charcoal
1757,S,Cyan
1758,L,Yellow
1759,M,Silver
1760,L,Green
1761,XL,Peach
1762,S,Green
1763,M,Brown
1764,M,Lavender
1765,M,Charcoal
1766,M,Orange
1767,S,Cyan
1768,L,Lavender
1769,M,Indigo
1770,L,Brown
1771,M,Pink
1772,XL,Turquoise
1773,M,Gold
1774,M,Blue
1775,M,Lavender
1776,M,Violet
1777,L,Cyan
1778,L,Purple
1779,M,Red
1780,M,Charcoal
1781,S,Gray
1782,M,Pink
1783,M,Lavender
1784,L,Lavender
1785,L,Yellow
1786,S,Peach
1787,M,Brown
1788,L,Gold
1789,L,Pink
1790,L,Peach
1791,S,Violet
1792,S,Purple
1793,M,Peach
1794,S,White
1795,L,Indigo
1796,S,Violet
1797,S,Brown
1798,L,Maroon
1799,L,Magenta
1800,M,Charcoal
1801,XL,Indigo
1802,M,Turquoise
1803,L,Turquoise
1804,S,Gray
1805,L,Peach
1806,L,Gold
1807,M,Green
1808,L,Gold
1809,M,Lavender
1810,S,Blue
1811,M,Magenta
1812,L,Blue
1813,S,Blue
1814,M,Olive
1815,M,White
1816,L,White
1817,M,Purple
1818,M,White
1819,M,White
1820,S,Peach
1821,XL,Gold
1822,M,Teal
1823,S,Cyan
1824,L,Pink
1825,XL,Magenta
1826,M,Pink
1827,M,Turquoise
1828,S,Pink
1829,L,Gray
1830,M,White
1831,M,Blue
1832,M,Cyan
1833,M,Blue
1834,M,Yellow
1835,M,Charcoal
1836,M,Lavender
1837,M,Teal
1838,M,Beige
1839,L,Blue
1840,XL,Purple
1841,M,Gold
1842,L,Blue
1843,M,Black
1844,M,Charcoal
1845,M,Purple
1846,M,Orange
1847,M,Yellow
1848,XL,Cyan
1849,XL,Yellow
1850,M,Maroon
1851,S,Black
1852,S,Lavender
1853,XL,Violet
1854,XL,Olive
1855,M,Teal
1856,XL,Teal
1857,XL,Beige
1858,L,Maroon
1859,S,Peach
1860,L,Beige
1861,M,Silver
1862,S,Peach
1863,M,Turquoise
1864,L,Orange
1865,S,Cyan
1866,S,Silver
1867,XL,Gold
1868,M,Brown
1869,M,Silver
1870,S,Beige
1871,L,Violet
1872,XL,Violet
1873,M,Lavender
1874,XL,Red
1875,L,Purple
1876,M,Brown
1877,M,Gray
1878,L,Pink
1879,L,Magenta
1880,L,Charcoal
1881,L,Yellow
1882,M,Red
1883,L,Blue
1884,M,Cyan
1885,S,Pink
1886,S,Maroon
1887,L,Beige
1888,XL,Gold
1889,XL,Turquoise
1890,L,Peach
1891,M,Lavender
1892,M,Gray
1893,M,Blue
1894,L,Red
1895,M,Purple
1896,L,Indigo
1897,M,Gold
1898,L,Teal
1899,L,Magenta
1900,L,Maroon
1901,S,Blue
1902,S,Beige
1903,S,Olive
1904,M,Gold
1905,S,Silver
1906,M,Teal
1907,M,Green
1908,L,Orange
1909,XL,Charcoal
1910,S,Black
1911,S,Yellow
1912,M,Gray
1913,S,Charcoal
1914,M,Peach
1915,L,Green
1916,M,Magenta
1917,S,Beige
1918,L,Black
1919,S,Purple
1920,M,Olive
1921,M,Purple
1922,M,Green
1923,S,Peach
1924,XL,Blue
1925,M,Gray
1926,L,Black
1927,M,Silver
1928,M,Pink
1929,S,Lavender
1930,L,Brown
1931,L,Turquoise
1932,S,Olive
1933,M,White
1934,L,Violet
1935,L,Gold
1936,XL,Violet
1937,S,Teal
1938,M,Olive
1939,L,Blue
1940,L,Magenta
1941,L,Gray
1942,XL,Peach
1943,M,Cyan
1944,L,Violet
1945,M,Gold
1946,M,Gold
1947,M,White
1948,M,Gray
1949,L,Brown
1950,L,Gray
1951,L,Blue
1952,L,Gold
1953,L,Yellow
1954,XL,Green
1955,M,Pink
1956,M,Pink
1957,M,Pink
1958,M,Cyan
1959,M,Gray
1960,M,White
1961,L,Red
1962,L,Black
1963,M,Silver
1964,L,Pink
1965,S,Cyan
1966,M,White
1967,XL,Purple
1968,L,Yellow
1969,S,Blue
1970,S,Cyan
1971,M,Indigo
1972,XL,Indigo
1973,M,Silver
1974,XL,Red
1975,M,Peach
1976,L,Turquoise
1977,M,Pink
1978,M,Teal
1979,L,Magenta
1980,L,Blue
1981,M,Green
1982,L,Violet
1983,M,Turquoise
1984,M,Pink
1985,M,Black
1986,M,Gold
1987,L,Green
1988,XL,White
1989,M,Gold
1990,S,Charcoal
1991,L,White
1992,M,Brown
1993,L,Gold
1994,S,Purple
1995,M,Brown
1996,S,Teal
1997,L,Indigo
1998,M,Purple
1999,M,Orange
2000,L,Indigo
2001,M,Lavender
2002,S,Purple
2003,M,Red
2004,S,Blue
2005,L,Blue
2006,M,Cyan
2007,S,Pink
2008,M,Silver
2009,M,Gray
2010,M,Indigo
2011,M,Maroon
2012,M,Beige
2013,L,Green
2014,M,Peach
2015,L,Black
2016,S,Pink
2017,S,Violet
2018,S,Green
2019,S,Gold
2020,S,Red
2021,M,Beige
2022,M,Green
2023,S,Black
2024,S,Teal
2025,L,Silver
2026,M,Turquoise
2027,M,Orange
2028,S,Gold
2029,XL,Purple
2030,M,Pink
2031,S,Green
2032,L,Charcoal
2033,M,Maroon
2034,L,Olive
2035,M,Peach
2036,S,Yellow
2037,S,Lavender
2038,S,Green
2039,L,Orange
2040,M,Olive
2041,XL,Gray
2042,S,Lavender
2043,M,Red
2044,M,Charcoal
2045,L,Orange
2046,M,Red
2047,M,Maroon
2048,M,Silver
2049,XL,Pink
2050,L,Blue
2051,M,Teal
2052,L,Black
2053,M,Gray
2054,S,Purple
2055,XL,Gold
2056,M,Silver
2057,L,Blue
2058,L,Yellow
2059,M,Brown
2060,XL,Beige
2061,M,Blue
2062,S,Magenta
2063,L,Silver
2064,M,Cyan
2065,M,Green
2066,M,Blue
2067,M,Olive
2068,XL,Beige
2069,XL,Black
2070,M,Indigo
2071,XL,Red
2072,S,Yellow
2073,M,Beige
2074,S,Green
2075,M,White
2076,S,Turquoise
2077,S,Indigo
2078,L,Orange
2079,M,Blue
2080,L,Violet
2081,S,Gray
2082,S,Cyan
2083,M,Yellow
2084,L,Orange
2085,S,Brown
2086,M,Teal
2087,L,Beige
2088,M,Blue
2089,L,Orange
2090,L,Gold
2091,S,Teal
2092,XL,Beige
2093,M,Silver
2094,M,Maroon
2095,M,Indigo
2096,M,Gray
2097,L,Blue
2098,S,Cyan
2099,M,White
2100,L,Green
2101,M,Silver
2102,M,Blue
2103,M,Brown
2104,S,Red
2105,M,Gold
2106,M,Silver
2107,M,Gray
2108,M,Black
2109,XL,Beige
2110,L,Peach
2111,L,Cyan
2112,XL,Pink
2113,M,Lavender
2114,M,Brown
2115,M,Magenta
2116,M,Violet
2117,M,Teal
2118,L,Brown
2119,M,Olive
2120,M,Indigo
2121,S,Red
2122,M,Olive
2123,L,Teal
2124,L,Cyan
2125,M,Teal
2126,M,Beige
2127,XL,Magenta
2128,M,Indigo
2129,L,Cyan
2130,L,Orange
2131,L,Violet
2132,M,Red
2133,M,Magenta
2134,M,Olive
2135,XL,Maroon
2136,S,Yellow
2137,M,Red
2138,XL,Purple
2139,M,Teal
2140,M,Red
2141,M,Brown
2142,M,Peach
2143,M,Maroon
2144,L,Red
2145,L,Orange
2146,S,White
2147,XL,White
2148,S,Charcoal
2149,XL,Turquoise
2150,L,Orange
2151,M,Orange
2152,L,Brown
2153,L,Magenta
2154,M,Violet
2155,M,Violet
2156,L,Yellow
2157,M,Maroon
2158,L,Turquoise
2159,XL,Olive
2160,M,Peach
2161,L,Charcoal
2162,S,Peach
2163,S,Black
2164,L,Gray
2165,S,Olive
2166,M,Turquoise
2167,S,Purple
2168,L,Green
2169,M,Beige
2170,M,Brown
2171,M,Turquoise
2172,M,Yellow
2173,S,Lavender
2174,S,Cyan
2175,S,Olive
2176,M,Silver
2177,S,Red
2178,XL,Green
2179,M,Gold
2180,L,Lavender
2181,M,Yellow
2182,M,Black
2183,M,Maroon
2184,M,Maroon
2185,S,Gold
2186,M,Violet
2187,XL,Teal
2188,M,Violet
2189,M,Brown
2190,XL,Brown
2191,S,Maroon
2192,S,Maroon
2193,L,Yellow
2194,L,Turquoise
2195,M,Silver
2196,M,Brown
2197,M,Gray
2198,M,Indigo
2199,L,Turquoise
2200,M,Maroon
2201,L,Charcoal
2202,L,Peach
2203,M,Red
2204,M,Indigo
2205,S,Lavender
2206,XL,Red
2207,L,Green
2208,M,Gray
2209,XL,Violet
2210,XL,Beige
2211,M,Orange
2212,L,Purple
2213,M,Brown
2214,M,Maroon
2215,L,Gold
2216,M,Indigo
2217,XL,Silver
2218,XL,Red
2219,M,Magenta
2220,S,Purple
2221,XL,Beige
2222,XL,White
2223,M,Teal
2224,M,Gray
2225,L,Charcoal
2226,S,Olive
2227,L,Blue
2228,S,Gray
2229,M,Green
2230,M,Silver
2231,S,Teal
2232,M,Beige
2233,L,Lavender
2234,XL,Gray
2235,S,Yellow
2236,M,Gray
2237,M,Yellow
2238,S,Black
2239,L,Beige
2240,L,Indigo
2241,L,Green
2242,M,Purple
2243,M,Orange
2244,M,Teal
2245,M,Gold
2246,L,Gray
2247,M,Cyan
2248,L,Teal
2249,M,Violet
2250,XL,Indigo
2251,L,Pink
2252,L,Gold
2253,S,Maroon
2254,M,Brown
2255,M,Gold
2256,L,Teal
2257,M,Turquoise
2258,L,Olive
2259,L,Cyan
2260,XL,Beige
2261,M,Blue
2262,L,Gold
2263,M,Green
2264,XL,Green
2265,M,Turquoise
2266,XL,Yellow
2267,M,Yellow
2268,S,Blue
2269,L,Charcoal
2270,M,Yellow
2271,L,Purple
2272,M,Green
2273,L,Charcoal
2274,L,Silver
2275,L,Turquoise
2276,M,Gray
2277,L,Red
2278,M,Beige
2279,M,Maroon
2280,L,Indigo
2281,M,Red
2282,XL,Maroon
2283,S,Red
2284,S,Black
2285,XL,Black
2286,L,Pink
2287,L,Blue
2288,L,Green
2289,M,Orange
2290,M,Orange
2291,L,Magenta
2292,M,Indigo
2293,S,Beige
2294,L,Green
2295,M,Red
2296,L,Beige
2297,M,Green
2298,M,Orange
2299,L,Cyan
2300,M,Violet
2301,XL,Lavender
2302,L,Turquoise
2303,L,Pink
2304,S,Beige
2305,L,Silver
2306,M,Gold
2307,L,Silver
2308,L,Green
2309,M,Teal
2310,S,Gold
2311,M,Cyan
2312,L,Gold
2313,L,Violet
2314,M,Black
2315,XL,Brown
2316,M,Indigo
2317,L,Yellow
2318,M,Purple
2319,L,White
2320,XL,Turquoise
2321,M,Olive
2322,M,Beige
2323,S,Lavender
2324,L,White
2325,L,Brown
2326,M,Charcoal
2327,L,Maroon
2328,M,Red
2329,M,Maroon
2330,S,Teal
2331,L,Orange
2332,S,Olive
2333,XL,Olive
2334,M,Beige
2335,L,Green
2336,M,Black
2337,M,Green
2338,S,Violet
2339,S,Silver
2340,L,Maroon
2341,M,Cyan
2342,L,Teal
2343,M,Olive
2344,M,Red
2345,XL,Lavender
2346,S,Orange
2347,L,Brown
2348,S,Gray
2349,M,Orange
2350,M,Orange
2351,M,Turquoise
2352,S,Cyan
2353,M,Yellow
2354,M,White
2355,M,Blue
2356,S,Purple
2357,M,Gray
2358,L,Cyan
2359,L,Pink
2360,S,Gold
2361,L,Silver
2362,M,Gray
2363,M,Brown
2364,XL,Pink
2365,L,Maroon
2366,S,Peach
2367,L,Brown
2368,L,Green
2369,M,Lavender
2370,M,Cyan
2371,M,Black
2372,M,Charcoal
2373,XL,Silver
2374,M,Gray
2375,L,Peach
2376,L,Peach
2377,XL,Cyan
2378,L,Magenta
2379,L,Teal
2380,M,Peach
2381,M,Black
2382,M,Teal
2383,M,Turquoise
2384,L,Gold
2385,L,Green
2386,M,Brown
2387,L,Blue
2388,M,Gold
2389,M,Peach
2390,M,Violet
2391,XL,Yellow
2392,M,Black
2393,L,Silver
2394,M,Brown
2395,L,Peach
2396,M,Cyan
2397,M,Olive
2398,L,Black
2399,M,Orange
2400,L,Beige
2401,M,Peach
2402,M,Pink
2403,M,Brown
2404,M,Magenta
2405,L,Cyan
2406,XL,Silver
2407,M,Indigo
2408,M,Beige
2409,XL,Black
2410,L,Yellow
2411,M,Maroon
2412,M,Cyan
2413,M,Pink
2414,XL,Violet
2415,M,Lavender
2416,XL,Lavender
2417,S,Black
2418,M,Olive
2419,S,Indigo
2420,M,Blue
2421,S,Green
2422,L,Pink
2423,M,Peach
2424,M,Purple
2425,M,Peach
2426,S,Olive
2427,M,Olive
2428,M,Purple
2429,M,Violet
2430,XL,Maroon
2431,XL,White
2432,S,Olive
2433,M,Peach
2434,M,Blue
2435,M,Brown
2436,S,Black
2437,M,Yellow
2438,XL,Magenta
2439,S,Cyan
2440,M,Maroon
2441,M,Red
2442,M,Black
2443,L,Violet
2444,M,Green
2445,S,Gold
2446,M,Brown
2447,L,Peach
2448,L,Peach
2449,S,Violet
2450,S,Violet
2451,M,Magenta
2452,M,Purple
2453,L,Purple
2454,XL,Cyan
2455,M,Magenta
2456,L,Lavender
2457,M,Green
2458,M,Maroon
2459,L,Turquoise
2460,L,Violet
2461,S,Lavender
2462,L,Red
2463,XL,Orange
2464,XL,Indigo
2465,L,Teal
2466,M,Brown
2467,S,Pink
2468,M,Lavender
2469,L,Cyan
2470,M,Yellow
2471,XL,Pink
2472,M,Gray
2473,M,Peach
2474,M,Red
2475,M,Olive
2476,S,Lavender
2477,M,Turquoise
2478,L,Turquoise
2479,S,Maroon
2480,S,Olive
2481,XL,Maroon
2482,XL,Cyan
2483,S,Peach
2484,S,Teal
2485,M,Green
2486,M,Beige
2487,L,Magenta
2488,L,Violet
2489,XL,Charcoal
2490,M,Green
2491,M,Gray
2492,M,Magenta
2493,S,Silver
2494,S,Beige
2495,S,Peach
2496,XL,Orange
2497,S,Yellow
2498,M,Violet
2499,S,Green
2500,L,Pink
2501,M,Violet
2502,M,Violet
2503,L,Pink
2504,M,Violet
2505,M,Turquoise
2506,M,Cyan
2507,XL,Orange
2508,M,Cyan
2509,XL,Indigo
2510,M,Black
2511,L,Purple
2512,M,Cyan
2513,M,Green
2514,L,Teal
2515,L,Teal
2516,M,Magenta
2517,XL,Brown
2518,L,Orange
2519,XL,Blue
2520,L,Magenta
2521,L,Magenta
2522,M,Magenta
2523,S,Olive
2524,S,Cyan
2525,M,Purple
2526,M,Purple
2527,S,Peach
2528,M,Gold
2529,S,Peach
2530,M,Magenta
2531,S,Cyan
2532,M,Violet
2533,S,Charcoal
2534,S,Blue
2535,XL,Red
2536,S,Purple
2537,L,Gray
2538,M,Purple
2539,M,Silver
2540,M,Purple
2541,M,Charcoal
2542,M,Silver
2543,M,White
2544,L,Peach
2545,M,Red
2546,L,Olive
2547,L,Gray
2548,M,Beige
2549,L,Pink
2550,M,Red
2551,XL,Peach
2552,M,Maroon
2553,XL,Purple
2554,M,Maroon
2555,M,Gray
2556,M,Gray
2557,XL,Magenta
2558,L,Cyan
2559,M,Silver
2560,S,Green
2561,M,Violet
2562,L,Magenta
2563,XL,Yellow
2564,XL,Gray
2565,L,Indigo
2566,S,Indigo
2567,S,Yellow
2568,XL,Gold
2569,XL,Green
2570,M,Charcoal
2571,XL,Olive
2572,L,Black
2573,M,Silver
2574,M,Red
2575,M,Brown
2576,M,Silver
2577,M,Silver
2578,L,Black
2579,M,Purple
2580,M,Purple
2581,S,Turquoise
2582,M,Gold
2583,S,Indigo
2584,M,Lavender
2585,L,Blue
2586,L,Maroon
2587,L,Yellow
2588,M,Purple
2589,M,Peach
2590,M,Silver
2591,M,Turquoise
2592,S,Olive
2593,XL,Peach
2594,S,Indigo
2595,L,Indigo
2596,XL,Maroon
2597,L,Black
2598,XL,Teal
2599,XL,Olive
2600,M,Gold
2601,M,Gray
2602,L,Orange
2603,M,Black
2604,M,Teal
2605,M,Beige
2606,M,White
2607,L,Turquoise
2608,XL,Teal
2609,L,Orange
2610,M,Black
2611,M,Violet
2612,L,Maroon
2613,M,Turquoise
2614,M,Gold
2615,M,Turquoise
2616,M,Maroon
2617,XL,Purple
2618,S,Maroon
2619,L,Brown
2620,L,Indigo
2621,S,Lavender
2622,M,Beige
2623,M,Yellow
2624,M,Gold
2625,M,Indigo
2626,L,Cyan
2627,XL,Silver
2628,L,Silver
2629,M,Silver
2630,M,Peach
2631,S,Pink
2632,S,Violet
2633,M,Black
2634,M,Purple
2635,S,Black
2636,XL,Peach
2637,S,Magenta
2638,M,Magenta
2639,S,Black
2640,XL,Pink
2641,L,Olive
2642,XL,Olive
2643,L,Peach
2644,S,Silver
2645,M,Turquoise
2646,L,Olive
2647,S,Lavender
2648,M,Red
2649,M,Gray
2650,M,Magenta
2651,L,Maroon
2652,M,Cyan
2653,L,Cyan
2654,L,Lavender
2655,S,Pink
2656,M,Gray
2657,L,Yellow
2658,M,Pink
2659,XL,Indigo
2660,L,Gray
2661,L,Yellow
2662,XL,Olive
2663,M,Cyan
2664,L,Silver
2665,L,Silver
2666,L,Red
2667,S,Brown
2668,M,Orange
2669,M,Black
2670,L,Teal
2671,M,Yellow
2672,XL,Gray
2673,M,Maroon
2674,M,Olive
2675,S,Charcoal
2676,M,Peach
2677,M,Maroon
2678,L,Olive
2679,M,Magenta
2680,S,Yellow
2681,L,Indigo
2682,L,Olive
2683,L,Maroon
2684,M,Indigo
2685,M,Gray
2686,M,Gray
2687,M,Black
2688,M,White
2689,XL,Turquoise
2690,M,Orange
2691,L,Yellow
2692,L,Blue
2693,XL,Violet
2694,L,Lavender
2695,M,Olive
2696,M,Orange
2697,M,White
2698,L,Red
2699,M,Magenta
2700,M,Violet
2701,XL,Olive
2702,L,Silver
2703,L,Gray
2704,XL,Olive
2705,L,Beige
2706,S,Turquoise
2707,S,Blue
2708,M,Pink
2709,M,Teal
2710,S,Cyan
2711,L,Purple
2712,L,Red
2713,L,Brown
2714,M,Magenta
2715,S,Olive
2716,XL,Pink
2717,L,Black
2718,XL,Beige
2719,M,Peach
2720,S,Peach
2721,M,Peach
2722,S,Teal
2723,M,Green
2724,XL,Brown
2725,M,Brown
2726,S,Violet
2727,L,Blue
2728,L,Charcoal
2729,M,Pink
2730,S,Violet
2731,M,Teal
2732,M,Red
2733,L,Orange
2734,M,Magenta
2735,XL,Yellow
2736,M,Yellow
2737,M,Pink
2738,S,Indigo
2739,M,Charcoal
2740,XL,Blue
2741,M,Lavender
2742,L,Yellow
2743,M,Black
2744,S,Beige
2745,M,Silver
2746,M,Magenta
2747,M,Orange
2748,M,Teal
2749,L,Turquoise
2750,M,Cyan
2751,L,Pink
2752,S,Indigo
2753,S,Peach
2754,M,Beige
2755,L,Gold
2756,M,Indigo
2757,L,Violet
2758,XL,Brown
2759,M,Purple
2760,M,Turquoise
2761,S,Violet
2762,M,Purple
2763,M,Charcoal
2764,M,Green
2765,XL,White
2766,M,Purple
2767,M,Cyan
2768,M,Green
2769,M,Beige
2770,L,Lavender
2771,S,Blue
2772,S,Beige
2773,L,Blue
2774,S,Maroon
2775,L,Yellow
2776,L,Red
2777,L,Green
2778,M,Magenta
2779,L,Yellow
2780,L,Blue
2781,M,Charcoal
2782,M,Blue
2783,S,Cyan
2784,M,Silver
2785,M,Black
2786,S,Green
2787,M,Violet
2788,XL,Pink
2789,M,Olive
2790,L,Orange
2791,M,Black
2792,M,Yellow
2793,L,Violet
2794,M,Silver
2795,M,Gold
2796,M,Magenta
2797,M,Red
2798,M,Green
2799,XL,Red
2800,L,Pink
2801,L,Violet
2802,M,Indigo
2803,L,Red
2804,M,Violet
2805,M,Cyan
2806,S,Black
2807,L,Purple
2808,M,Charcoal
2809,M,Beige
2810,XL,Teal
2811,M,Purple
2812,M,Blue
2813,XL,Magenta
2814,S,Maroon
2815,L,Gold
2816,L,Black
2817,M,Black
2818,XL,Yellow
2819,M,Turquoise
2820,L,Lavender
2821,L,Yellow
2822,L,Olive
2823,S,Brown
2824,M,Olive
2825,M,Purple
2826,M,Yellow
2827,L,Brown
2828,M,Magenta
2829,L,Lavender
2830,XL,Teal
2831,L,Cyan
2832,L,Pink
2833,M,Magenta
2834,M,Teal
2835,M,Indigo
2836,S,Pink
2837,M,Charcoal
2838,M,Brown
2839,M,Blue
2840,L,Teal
2841,L,Pink
2842,XL,Magenta
2843,L,Green
2844,M,White
2845,M,Indigo
2846,L,Lavender
2847,XL,Black
2848,L,Charcoal
2849,L,Gray
2850,M,Gold
2851,M,Silver
2852,L,Teal
2853,M,Magenta
2854,M,Magenta
2855,M,Beige
2856,S,Maroon
2857,M,Indigo
2858,S,Maroon
2859,L,Teal
2860,L,Yellow
2861,M,Gold
2862,M,Teal
2863,S,Violet
2864,M,Yellow
2865,S,Maroon
2866,M,Silver
2867,S,Violet
2868,L,White
2869,M,Black
2870,M,White
2871,M,Blue
2872,S,Black
2873,L,Olive
2874,M,Teal
2875,L,Silver
2876,M,Pink
2877,M,Charcoal
2878,M,Silver
2879,L,Turquoise
2880,XL,Turquoise
2881,L,Beige
2882,M,Cyan
2883,L,Gold
2884,XL,Silver
2885,M,Purple
2886,M,Yellow
2887,L,Blue
2888,L,Blue
2889,L,Green
2890,M,Charcoal
2891,M,Violet
2892,XL,Black
2893,M,Teal
2894,S,Orange
2895,S,Brown
2896,L,Green
2897,M,Silver
2898,L,Violet
2899,XL,Peach
2900,M,Gold
2901,XL,Violet
2902,L,Olive
2903,S,Orange
2904,S,Teal
2905,M,Gray
2906,L,Black
2907,M,Indigo
2908,XL,Lavender
2909,M,Beige
2910,M,Indigo
2911,M,Blue
2912,XL,Orange
2913,M,Yellow
2914,L,Cyan
2915,M,Yellow
2916,M,Cyan
2917,M,Green
2918,XL,White
2919,S,Black
2920,L,Charcoal
2921,XL,Brown
2922,M,Cyan
2923,L,Beige
2924,M,Magenta
2925,L,Indigo
2926,M,Maroon
2927,M,Gray
2928,M,Black
2929,L,Yellow
2930,XL,White
2931,M,Orange
2932,M,Magenta
2933,L,Black
2934,M,Brown
2935,M,Orange
2936,XL,Gray
2937,M,White
2938,M,White
2939,M,Violet
2940,M,Beige
2941,L,Beige
2942,L,Purple
2943,M,Brown
2944,M,Orange
2945,XL,Cyan
2946,M,Charcoal
2947,L,Purple
2948,L,Peach
2949,M,Violet
2950,M,Peach
2951,S,Maroon
2952,L,Maroon
2953,M,Peach
2954,M,Silver
2955,M,Indigo
2956,M,Silver
2957,M,Olive
2958,S,Gray
2959,M,Black
2960,L,Maroon
2961,S,Olive
2962,S,Gold
2963,L,Pink
2964,M,Brown
2965,S,White
2966,M,Blue
2967,L,Orange
2968,L,Silver
2969,S,Gray
2970,S,Blue
2971,M,White
2972,L,Yellow
2973,S,Indigo
2974,M,Blue
2975,XL,Peach
2976,XL,Lavender
2977,M,Silver
2978,L,Gold
2979,S,Cyan
2980,L,Olive
2981,L,Teal
2982,L,Pink
2983,M,Orange
2984,M,Charcoal
2985,L,Red
2986,S,Teal
2987,S,Silver
2988,L,Black
2989,S,Pink
2990,XL,Teal
2991,M,Teal
2992,L,Green
2993,M,Charcoal
2994,L,Indigo
2995,S,White
2996,M,Orange
2997,M,White
2998,S,Yellow
2999,M,Red
3000,S,Charcoal
3001,M,Lavender
3002,L,Charcoal
3003,M,Maroon
3004,M,Brown
3005,M,Lavender
3006,XL,Brown
3007,M,Olive
3008,L,Lavender
3009,M,Gold
3010,M,Silver
3011,M,Violet
3012,S,Brown
3013,M,Teal
3014,L,Peach
3015,M,Maroon
3016,XL,Lavender
3017,L,Lavender
3018,S,Purple
3019,M,Green
3020,M,Yellow
3021,S,Charcoal
3022,S,Blue
3023,M,Lavender
3024,M,Brown
3025,S,White
3026,XL,Green
3027,L,Magenta
3028,XL,Peach
3029,L,Charcoal
3030,M,Gold
3031,XL,Purple
3032,L,Teal
3033,XL,Green
3034,L,Orange
3035,L,Peach
3036,M,Gold
3037,S,Violet
3038,L,Charcoal
3039,M,Brown
3040,L,Blue
3041,M,Gold
3042,M,Orange
3043,L,Turquoise
3044,S,Peach
3045,M,Magenta
3046,L,Black
3047,M,White
3048,M,Violet
3049,M,Olive
3050,L,Red
3051,S,Green
3052,L,Gold
3053,XL,Olive
3054,L,Brown
3055,S,Magenta
3056,M,Violet
3057,M,Beige
3058,M,Blue
3059,S,Orange
3060,L,Maroon
3061,S,Charcoal
3062,L,Olive
3063,L,Green
3064,L,Brown
3065,S,Cyan
3066,M,Beige
3067,L,Teal
3068,S,Gray
3069,M,Indigo
3070,L,Magenta
3071,XL,Red
3072,L,Turquoise
3073,L,Peach
3074,L,White
3075,L,Maroon
3076,XL,Beige
3077,M,Blue
3078,S,Red
3079,M,Blue
3080,M,Maroon
3081,L,Yellow
3082,L,Pink
3083,M,Maroon
3084,S,Purple
3085,S,Indigo
3086,L,Gray
3087,M,Lavender
3088,M,Charcoal
3089,M,Teal
3090,L,Blue
3091,M,Peach
3092,L,Orange
3093,L,Silver
3094,L,Red
3095,M,Gray
3096,S,Beige
3097,L,White
3098,M,Silver
3099,L,Cyan
3100,S,Maroon
3101,L,Purple
3102,S,Brown
3103,M,Green
3104,S,Peach
3105,S,Turquoise
3106,M,Olive
3107,M,Yellow
3108,L,Gray
3109,M,Purple
3110,M,Gray
3111,L,Lavender
3112,XL,Indigo
3113,S,Green
3114,L,Green
3115,M,Olive
3116,M,Charcoal
3117,L,Gray
3118,M,Olive
3119,L,Blue
3120,XL,Silver
3121,M,Magenta
3122,L,Black
3123,M,Pink
3124,XL,Red
3125,M,Peach
3126,L,Lavender
3127,L,Lavender
3128,M,Beige
3129,S,Indigo
3130,S,Cyan
3131,M,Yellow
3132,M,Peach
3133,M,Yellow
3134,M,Orange
3135,L,Gray
3136,L,Yellow
3137,M,Gray
3138,M,Turquoise
3139,L,Gray
3140,M,Olive
3141,XL,Peach
3142,S,Peach
3143,L,Magenta
3144,M,Purple
3145,L,Beige
3146,XL,Purple
3147,S,Yellow
3148,M,Pink
3149,L,Purple
3150,M,Lavender
3151,M,Peach
3152,L,Orange
3153,M,Red
3154,L,Red
3155,M,Gold
3156,M,Brown
3157,M,Black
3158,L,Red
3159,M,Gray
3160,L,Pink
3161,XL,Turquoise
3162,S,Charcoal
3163,L,Blue
3164,XL,Turquoise
3165,L,Silver
3166,M,Lavender
3167,M,Gold
3168,M,Blue
3169,M,Orange
3170,M,White
3171,XL,Charcoal
3172,M,Maroon
3173,M,Olive
3174,L,Teal
3175,L,Orange
3176,M,Maroon
3177,XL,Turquoise
3178,L,Beige
3179,L,Beige
3180,M,Olive
3181,L,Turquoise
3182,M,Charcoal
3183,L,Green
3184,M,Green
3185,L,Green
3186,L,Gold
3187,S,Cyan
3188,L,Indigo
3189,M,Lavender
3190,M,Beige
3191,S,Purple
3192,XL,Maroon
3193,S,Maroon
3194,L,Teal
3195,L,Gold
3196,S,Red
3197,L,Maroon
3198,M,Teal
3199,L,Peach
3200,XL,Pink
3201,L,Black
3202,S,Indigo
3203,L,Green
3204,L,Teal
3205,XL,Lavender
3206,XL,Magenta
3207,M,Brown
3208,XL,Beige
3209,L,Indigo
3210,L,Peach
3211,M,Magenta
3212,L,Turquoise
3213,M,Indigo
3214,M,Brown
3215,M,Yellow
3216,M,Magenta
3217,S,Olive
3218,M,Silver
3219,M,Teal
3220,L,White
3221,M,Blue
3222,M,Yellow
3223,S,Maroon
3224,S,Gray
3225,L,Indigo
3226,M,Pink
3227,XL,Beige
3228,XL,White
3229,M,Yellow
3230,M,Teal
3231,M,Olive
3232,M,Maroon
3233,M,White
3234,M,Lavender
3235,M,Black
3236,M,Green
3237,L,Olive
3238,M,Gray
3239,XL,Teal
3240,M,Charcoal
3241,M,Violet
3242,M,Lavender
3243,S,Beige
3244,L,Black
3245,M,Black
3246,M,Purple
3247,M,Magenta
3248,M,Teal
3249,S,Teal
3250,M,Pink
3251,M,Teal
3252,M,Gold
3253,L,Brown
3254,M,Brown
3255,S,Magenta
3256,M,Black
3257,L,Teal
3258,M,Brown
3259,M,Magenta
3260,XL,Indigo
3261,M,Violet
3262,L,Cyan
3263,M,Violet
3264,S,Black
3265,S,Charcoal
3266,M,White
3267,S,Gray
3268,L,Pink
3269,M,Cyan
3270,M,Blue
3271,M,Indigo
3272,XL,Magenta
3273,M,Lavender
3274,S,Orange
3275,M,Cyan
3276,XL,Green
3277,M,White
3278,M,Blue
3279,M,Black
3280,S,Red
3281,L,Red
3282,L,Gold
3283,M,Red
3284,L,Purple
3285,L,White
3286,XL,Magenta
3287,L,Pink
3288,L,Black
3289,XL,White
3290,M,Maroon
3291,L,Black
3292,L,Olive
3293,L,Gray
3294,M,Gold
3295,S,Magenta
3296,S,Lavender
3297,M,Green
3298,M,Violet
3299,M,Brown
3300,L,Teal
3301,M,Charcoal
3302,XL,Charcoal
3303,XL,Beige
3304,S,Turquoise
3305,XL,Orange
3306,L,Cyan
3307,L,Orange
3308,S,Green
3309,M,Pink
3310,M,Blue
3311,M,Pink
3312,L,Blue
3313,L,Black
3314,XL,Black
3315,M,Violet
3316,S,Gold
3317,M,Olive
3318,XL,Pink
3319,M,Olive
3320,M,Indigo
3321,XL,Silver
3322,S,Charcoal
3323,XL,Orange
3324,M,Yellow
3325,S,Red
3326,M,Maroon
3327,M,Magenta
3328,M,Black
3329,M,Violet
3330,M,Gray
3331,M,Black
3332,M,Pink
3333,M,Silver
3334,M,Violet
3335,M,Beige
3336,XL,Cyan
3337,M,Brown
3338,L,Blue
3339,L,White
3340,M,Cyan
3341,XL,Maroon
3342,XL,Olive
3343,M,Violet
3344,XL,Green
3345,XL,Magenta
3346,M,Turquoise
3347,M,Black
3348,XL,Cyan
3349,L,Gray
3350,M,Red
3351,S,Olive
3352,L,Cyan
3353,M,Teal
3354,L,Teal
3355,M,Orange
3356,M,Peach
3357,M,Silver
3358,M,Pink
3359,M,Magenta
3360,L,Red
3361,M,Maroon
3362,M,Silver
3363,M,Gray
3364,M,Turquoise
3365,M,Peach
3366,L,Teal
3367,M,Red
3368,M,Blue
3369,M,Blue
3370,M,Indigo
3371,M,Charcoal
3372,S,Turquoise
3373,M,Maroon
3374,M,Purple
3375,S,Lavender
3376,XL,Yellow
3377,M,Green
3378,M,Yellow
3379,L,Gold
3380,L,Turquoise
3381,L,Blue
3382,L,Turquoise
3383,M,Maroon
3384,M,Pink
3385,L,Maroon
3386,M,Olive
3387,M,Lavender
3388,S,Pink
3389,M,Cyan
3390,L,Maroon
3391,S,Red
3392,M,Silver
3393,XL,Blue
3394,M,Gold
3395,S,Yellow
3396,M,Silver
3397,XL,Black
3398,L,Yellow
3399,L,Pink
3400,XL,Yellow
3401,M,Lavender
3402,L,Peach
3403,M,Black
3404,M,Olive
3405,L,Olive
3406,M,White
3407,M,Red
3408,S,Purple
3409,L,Purple
3410,M,Teal
3411,L,Teal
3412,L,Gray
3413,M,Magenta
3414,XL,Black
3415,M,Maroon
3416,M,Gold
3417,M,Purple
3418,M,Blue
3419,M,Beige
3420,L,Indigo
3421,M,Purple
3422,M,Maroon
3423,L,Beige
3424,M,Brown
3425,L,Green
3426,M,Blue
3427,XL,Magenta
3428,XL,Turquoise
3429,M,Gray
3430,S,Purple
3431,M,Lavender
3432,S,Green
3433,M,Gray
3434,M,Yellow
3435,S,Orange
3436,M,Beige
3437,L,Peach
3438,S,Green
3439,M,Violet
3440,M,Gray
3441,L,Magenta
3442,XL,Charcoal
3443,M,Violet
3444,L,Silver
3445,S,Green
3446,M,Magenta
3447,S,Purple
3448,M,Blue
3449,S,Yellow
3450,M,Brown
3451,M,Pink
3452,XL,Silver
3453,M,Indigo
3454,L,Pink
3455,S,Lavender
3456,M,Orange
3457,M,Red
3458,M,Gray
3459,L,Violet
3460,L,Green
3461,M,Gold
3462,S,Maroon
3463,L,Olive
3464,M,Yellow
3465,S,Peach
3466,M,Gold
3467,S,Purple
3468,M,Charcoal
3469,S,Indigo
3470,L,Magenta
3471,S,Olive
3472,S,Blue
3473,S,White
3474,M,Cyan
3475,M,Cyan
3476,M,Orange
3477,XL,Orange
3478,S,Teal
3479,M,Magenta
3480,S,Orange
3481,L,Peach
3482,S,Maroon
3483,M,Gold
3484,L,White
3485,L,Gray
3486,XL,Brown
3487,L,Charcoal
3488,L,Beige
3489,XL,Teal
3490,L,Black
3491,M,Violet
3492,M,Orange
3493,M,Turquoise
3494,XL,Black
3495,M,Silver
3496,XL,Gray
3497,M,Pink
3498,M,Red
3499,M,Lavender
3500,L,Indigo
3501,S,Silver
3502,M,Silver
3503,M,Green
3504,M,Pink
3505,S,Violet
3506,L,Red
3507,L,Olive
3508,S,Purple
3509,M,Gray
3510,L,Brown
3511,S,Orange
3512,M,Blue
3513,M,White
3514,XL,Charcoal
3515,XL,Gray
3516,XL,Charcoal
3517,S,White
3518,M,Orange
3519,M,Black
3520,M,White
3521,S,Brown
3522,M,Pink
3523,M,Yellow
3524,M,Cyan
3525,L,Silver
3526,L,Olive
3527,M,Olive
3528,S,Charcoal
3529,L,Gray
3530,S,Maroon
3531,L,Black
3532,XL,Violet
3533,L,Indigo
3534,L,Yellow
3535,M,Gray
3536,M,Red
3537,L,Peach
3538,M,Gray
3539,S,White
3540,S,Green
3541,M,Magenta
3542,M,Olive
3543,S,Olive
3544,M,Blue
3545,XL,Charcoal
3546,M,Yellow
3547,M,Violet
3548,L,Magenta
3549,M,Red
3550,M,Cyan
3551,S,Orange
3552,L,Black
3553,M,Blue
3554,M,Charcoal
3555,M,Indigo
3556,L,Silver
3557,M,Brown
3558,M,Peach
3559,L,Magenta
3560,M,Beige
3561,XL,Violet
3562,L,Black
3563,M,Cyan
3564,M,Green
3565,S,Brown
3566,S,Gray
3567,S,Orange
3568,S,Silver
3569,M,Purple
3570,M,Olive
3571,XL,Teal
3572,M,White
3573,M,Black
3574,L,Maroon
3575,M,Cyan
3576,M,Violet
3577,L,Yellow
3578,S,Yellow
3579,L,Olive
3580,L,Olive
3581,M,Magenta
3582,M,Orange
3583,S,Beige
3584,L,Brown
3585,L,Indigo
3586,XL,Gray
3587,M,Yellow
3588,S,Violet
3589,M,Magenta
3590,M,Blue
3591,M,Gray
3592,M,Gold
3593,L,Lavender
3594,M,Black
3595,L,Charcoal
3596,M,Violet
3597,M,Charcoal
3598,M,Maroon
3599,XL,Purple
3600,S,Peach
3601,XL,Olive
3602,M,Indigo
3603,S,Magenta
3604,M,Gold
3605,M,Orange
3606,M,Gold
3607,XL,Purple
3608,L,Charcoal
3609,M,Cyan
3610,M,Cyan
3611,XL,Green
3612,M,Silver
3613,M,Teal
3614,M,Magenta
3615,L,Maroon
3616,M,Gold
3617,L,Purple
3618,M,Lavender
3619,M,Maroon
3620,S,Magenta
3621,M,Turquoise
3622,XL,Silver
3623,M,Purple
3624,M,Violet
3625,XL,Peach
3626,L,Green
3627,L,Teal
3628,M,Silver
3629,L,Purple
3630,L,Lavender
3631,M,Lavender
3632,M,Peach
3633,L,Green
3634,M,Orange
3635,M,Pink
3636,L,Cyan
3637,L,Lavender
3638,L,Yellow
3639,M,Olive
3640,M,Brown
3641,L,Pink
3642,M,Cyan
3643,L,Maroon
3644,XL,Magenta
3645,M,Violet
3646,L,Silver
3647,M,Maroon
3648,M,Gray
3649,M,White
3650,M,Brown
3651,M,Silver
3652,M,Yellow
3653,S,Magenta
3654,M,Blue
3655,M,Green
3656,M,Yellow
3657,XL,Cyan
3658,L,Gold
3659,M,Magenta
3660,S,Gray
3661,L,Indigo
3662,S,White
3663,M,Indigo
3664,M,Green
3665,M,Turquoise
3666,M,Peach
3667,M,Olive
3668,L,Cyan
3669,XL,Magenta
3670,S,Silver
3671,S,White
3672,L,Pink
3673,S,Pink
3674,M,Pink
3675,M,Blue
3676,M,White
3677,S,Teal
3678,M,Gray
3679,S,Beige
3680,M,Violet
3681,S,Blue
3682,XL,Magenta
3683,M,Maroon
3684,M,Purple
3685,L,Charcoal
3686,L,Red
3687,M,Charcoal
3688,L,Lavender
3689,L,White
3690,L,Red
3691,S,Violet
3692,XL,Orange
3693,L,Turquoise
3694,M,Violet
3695,M,Blue
3696,M,White
3697,L,Turquoise
3698,L,Pink
3699,XL,Maroon
3700,M,Olive
3701,XL,Charcoal
3702,M,Charcoal
3703,M,Indigo
3704,S,Teal
3705,L,Black
3706,L,Teal
3707,M,Green
3708,M,Gold
3709,M,Red
3710,M,Silver
3711,M,Yellow
3712,XL,Peach
3713,M,Turquoise
3714,M,Peach
3715,S,Peach
3716,S,Orange
3717,M,Charcoal
3718,XL,White
3719,L,Turquoise
3720,M,Red
3721,M,Peach
3722,L,Pink
3723,XL,Yellow
3724,M,Beige
3725,L,Green
3726,S,Turquoise
3727,XL,Orange
3728,M,Gold
3729,L,Red
3730,M,Teal
3731,M,Teal
3732,M,Lavender
3733,L,Pink
3734,M,Maroon
3735,M,Beige
3736,L,Orange
3737,M,Red
3738,S,Maroon
3739,M,Brown
3740,M,Olive
3741,M,Silver
3742,M,Purple
3743,M,Gray
3744,L,Cyan
3745,M,Gray
3746,L,Gold
3747,XL,Cyan
3748,L,Olive
3749,M,Violet
3750,L,Yellow
3751,M,Gold
3752,S,Silver
3753,L,Pink
3754,S,Turquoise
3755,M,Turquoise
3756,M,Peach
3757,L,Teal
3758,L,Red
3759,S,Black
3760,M,Pink
3761,M,Peach
3762,M,Green
3763,L,Green
3764,XL,Red
3765,M,Maroon
3766,M,Green
3767,M,Black
3768,XL,Black
3769,M,Yellow
3770,L,Green
3771,L,Black
3772,M,Red
3773,L,Yellow
3774,M,Violet
3775,S,Cyan
3776,S,Pink
3777,L,Olive
3778,M,Maroon
3779,M,Cyan
3780,XL,Lavender
3781,L,Yellow
3782,M,Pink
3783,L,Orange
3784,XL,Orange
3785,M,Violet
3786,L,Lavender
3787,L,Yellow
3788,M,Pink
3789,XL,Teal
3790,M,Magenta
3791,XL,Beige
3792,M,Gray
3793,S,Turquoise
3794,M,Pink
3795,M,Violet
3796,M,Charcoal
3797,M,Lavender
3798,M,Gray
3799,S,Brown
3800,L,Violet
3801,M,Turquoise
3802,M,Peach
3803,S,Turquoise
3804,M,Violet
3805,M,Olive
3806,M,Green
3807,M,Teal
3808,L,Peach
3809,M,Pink
3810,S,Maroon
3811,L,Peach
3812,M,Maroon
3813,M,Pink
3814,M,Orange
3815,M,Orange
3816,M,Brown
3817,S,Silver
3818,M,Magenta
3819,XL,Indigo
3820,S,Gold
3821,M,Purple
3822,M,Gold
3823,S,Gold
3824,M,Gold
3825,M,Olive
3826,L,Green
3827,M,Gray
3828,M,Red
3829,M,Charcoal
3830,M,Indigo
3831,M,Indigo
3832,L,Silver
3833,XL,Purple
3834,L,Gray
3835,M,Magenta
3836,L,Silver
3837,M,Violet
3838,M,Green
3839,L,Green
3840,M,Peach
3841,M,Turquoise
3842,L,Pink
3843,L,Lavender
3844,L,Silver
3845,S,Cyan
3846,M,Green
3847,L,Orange
3848,S,Blue
3849,M,Magenta
3850,S,Cyan
3851,L,Indigo
3852,M,Pink
3853,M,Peach
3854,M,Lavender
3855,M,Black
3856,XL,Lavender
3857,S,Brown
3858,S,Yellow
3859,M,Olive
3860,S,Blue
3861,M,Turquoise
3862,M,Yellow
3863,L,Turquoise
3864,M,Orange
3865,S,Blue
3866,M,Olive
3867,M,Beige
3868,L,Lavender
3869,XL,Magenta
3870,L,Cyan
3871,L,Lavender
3872,M,Black
3873,M,Green
3874,L,Silver
3875,XL,Beige
3876,M,Pink
3877,S,Cyan
3878,M,Olive
3879,M,Pink
3880,L,Maroon
3881,M,Red
3882,L,Silver
3883,L,Blue
3884,XL,Purple
3885,M,Brown
3886,L,Purple
3887,S,Brown
3888,M,Charcoal
3889,M,Violet
3890,S,Yellow
3891,XL,Green
3892,L,Peach
3893,L,Indigo
3894,L,White
3895,L,White
3896,L,Turquoise
3897,L,White
3898,L,Green
3899,S,Brown
3900,M,Beige
